"EMERGENCY, STATE OF","Bipartisan approach to legislative authority necessary in continuing emergencies (BALANCE) act of 2022","https://app.leg.wa.gov/billsummary?BillNumber=5943&Year=2021&Initiative=false","SB 5943","State Govt & E","['0', '0', '0', '0']","['0', '0', '0', '0']","['0', '0', '0', '0']","Establishing balanced legislative oversight of gubernatorial powers during a declared emergency.","Wilson, L., Mullet, Braun, Dozier, Fortunato, Gildon, Holy, King, Padden, Rivers, Short, Wagoner, Warnick, Wilson, J.","No Requester"
"EMERGENCY, STATE OF","Emergency orders, content and duration","https://app.leg.wa.gov/billsummary?BillNumber=1158&Year=2021&Initiative=false","HB 1158","State Govt & T","['0', '0', '0', '0']","['0', '0', '0', '0']","['0', '0', '0', '0']","Limiting unilateral actions by the executive branch in emergencies.","Eslick, Ybarra, Dent, Sutherland","No Requester"
"EMERGENCY, STATE OF","Emergency orders, content and duration, and role of legislature","https://app.leg.wa.gov/billsummary?BillNumber=1772&Year=2021&Initiative=false","HB 1772","State Govt & T","['0', '0', '0', '0']","['0', '0', '0', '0']","['0', '0', '0', '0']","Increasing legislative involvement in gubernatorial proclamations relating to a state of emergency.","Corry, Chapman, Volz, Stokesbary, Robertson, Abbarno, MacEwen, Boehnke, Sutherland, Vick, Ybarra, Chambers, Dufault, Eslick, Barkis, Gilday, Jacobsen, Mosbrucker, Schmick, Maycumber, Griffey, Dent, Kraft, Graham, Caldier","No Requester"
"EMERGENCY, STATE OF","Emergency orders, duration","https://app.leg.wa.gov/billsummary?BillNumber=8402&Year=2021&Initiative=false","SCR 8402","Filed Sec/St","['1', '1', '1', '1']","['1', '1', '1', '1']","Extending certain gubernatorial orders issued in response to the COVID-19 state of emergency.","Liias, Dhingra, Nobles, Saldaña","No Requester"
"EMERGENCY, STATE OF","Emergency orders, duration, and role of legislature","https://app.leg.wa.gov/billsummary?BillNumber=4402&Year=2021&Initiative=false","HCR 4402","Rules R","['0', '0', '0', '0']","['0', '0', '0', '0']","Exempting certain matters from the cutoff dates established in Senate Concurrent Resolution No. 8401.","MacEwen, Boehnke, Dufault, Klippert, Robertson, Kraft","No Requester"
"EMERGENCY, STATE OF","Emergency orders, health-related measures in, right to decline","https://app.leg.wa.gov/billsummary?BillNumber=1317&Year=2021&Initiative=false","HB 1317","HC/Wellness","['0', '0', '0', '0']","['0', '0', '0', '0']","['0', '0', '0', '0']","Concerning an individual's right to refuse health-related measures.","Young, Kraft, Chase, Sutherland","No Requester"
"EMERGENCY, STATE OF","Emergency orders, issued by governor, actions to determine validity of, declaratory and other relief","https://app.leg.wa.gov/billsummary?BillNumber=1563&Year=2021&Initiative=false","HB 1563","Civil R & Judi","['0', '0', '0', '0']","['0', '0', '0', '0']","['0', '0', '0', '0']","Concerning declaratory and other relief in actions to determine the validity of certain gubernatorial orders.","Young, Barkis, Sutherland, Dent","No Requester"
"EMERGENCY, STATE OF","Emergency orders, issued by governor, consolidated emergency assistance program benefits availability","https://app.leg.wa.gov/billsummary?BillNumber=1151&Year=2021&Initiative=false","Substitute - SHB 1151","9 L 21","['1', '1', '1', '1']","['1', '1', '1', '1']","['1', '1', '1', '1']","Bolstering economic recovery.","Leavitt, Shewmake, Peterson, Bronoske, Entenman, Stonier, Bateman, Chopp, Frame, Hackney, Callan, Pollet, Gregerson, Senn, Johnson, J.","No Requester"
"EMERGENCY, STATE OF","Emergency orders, issued by governor, construction/certain operations permit exemption during, when","https://app.leg.wa.gov/billsummary?BillNumber=1436&Year=2021&Initiative=false","HB 1436","State Govt & T","['0', '0', '0', '0']","['0', '0', '0', '0']","['0', '0', '0', '0']","Encouraging economic recovery by reducing regulatory burdens during declared public health crises.","Walsh, Sutherland, Graham, Young, Volz, Mosbrucker, Boehnke, Chase, Barkis, Eslick, Dent, Jacobsen, Kraft","No Requester"
"EMERGENCY, STATE OF","Emergency orders, issued by governor, duration of, and role of legislature","https://app.leg.wa.gov/billsummary?BillNumber=5943&Year=2021&Initiative=false","SB 5943","State Govt & E","['0', '0', '0', '0']","['0', '0', '0', '0']","['0', '0', '0', '0']","Establishing balanced legislative oversight of gubernatorial powers during a declared emergency.","Wilson, L., Mullet, Braun, Dozier, Fortunato, Gildon, Holy, King, Padden, Rivers, Short, Wagoner, Warnick, Wilson, J.","No Requester"
"EMERGENCY, STATE OF","Emergency orders, issued by governor, early achievers program temporary suspension in, extending","https://app.leg.wa.gov/billsummary?BillNumber=5277&Year=2021&Initiative=false","SB 5277","EL/K-12","['0', '0', '0', '0']","['0', '0', '0', '0']","['0', '0', '0', '0']","Suspending the early achievers program.","Short","No Requester"
"EMERGENCY, STATE OF","Emergency orders, issued by governor, eviction moratorium, limiting rent increases after expiration of","https://app.leg.wa.gov/billsummary?BillNumber=5139&Year=2021&Initiative=false","SB 5139","Housing & Loca","['0', '0', '0', '0']","['0', '0', '0', '0']","['0', '0', '0', '0']","Limiting rent increases after expiration of the governor's eviction moratorium.","Das, Lovelett, Darneille, Hunt, Liias, Nguyen, Wilson, C.","No Requester"
"EMERGENCY, STATE OF","Emergency orders, issued by governor, eviction moratorium, suspending, and aiding tenants and landlords","https://app.leg.wa.gov/billsummary?BillNumber=1228&Year=2021&Initiative=false","HB 1228","Hous, Human Sv","['0', '0', '0', '0']","['0', '0', '0', '0']","['0', '0', '0', '0']","Addressing residential landlord-tenant requirements in response to the COVID-19 public health emergency.","Barkis, Walen, Dent, Hoff, Jacobsen, Chambers, Ryu, Graham, Ybarra, Caldier, MacEwen, Walsh, Chapman, Boehnke, Dolan, Springer, Chandler, Eslick, Robertson, Gilday","No Requester"
"EMERGENCY, STATE OF","Emergency orders, issued by governor, eviction moratorium, tenant protections in relation to","https://app.leg.wa.gov/billsummary?BillNumber=5160&Year=2021&Initiative=false","Engrossed 2nd Substitute - E2SSB 5160","115 L 21","['1', '1', '1', '1']","['1', '1', '1', '1']","['1', '1', '1', '1']","Addressing landlord-tenant relations by providing certain tenant protections during and after public health emergencies, providing for legal representation in eviction cases, and authorizing landlord access to state rental assistance programs.","Kuderer, Liias, Conway, Das, Lovelett, Saldaña, Wilson, C.","No Requester"
"EMERGENCY, STATE OF","Emergency orders, issued by governor, infringement on any constitutional rights by, prohibiting","https://app.leg.wa.gov/billsummary?BillNumber=5186&Year=2021&Initiative=false","SB 5186","State Govt & E","['0', '0', '0', '0']","['0', '0', '0', '0']","['0', '0', '0', '0']","Ensuring that no gubernatorial emergency order may infringe on constitutional rights.","Fortunato","No Requester"
"EMERGENCY, STATE OF","Emergency orders, issued by governor, legislative extension of certain orders","https://app.leg.wa.gov/billsummary?BillNumber=8402&Year=2021&Initiative=false","SCR 8402","Filed Sec/St","['1', '1', '1', '1']","['1', '1', '1', '1']","Extending certain gubernatorial orders issued in response to the COVID-19 state of emergency.","Liias, Dhingra, Nobles, Saldaña","No Requester"
"EMERGENCY, STATE OF","Emergency orders, issued by governor, school in-person learning as required option unless prohibited, when","https://app.leg.wa.gov/billsummary?BillNumber=5464&Year=2021&Initiative=false","SB 5464","EL/K-12","['0', '0', '0', '0']","['0', '0', '0', '0']","['0', '0', '0', '0']","Requiring the option of in-person learning unless prohibited by the governor, secretary of health, or a local health officer.","Wilson, L., Braun, Brown, Dozier, Muzzall, Padden, Wagoner, Wilson, J.","No Requester"
"EMERGENCY, STATE OF","Emergency orders, issued by governor, statutory changes in response to","https://app.leg.wa.gov/billsummary?BillNumber=5113&Year=2021&Initiative=false","SB 5113","State Govt & E","['0', '0', '0', '0']","['0', '0', '0', '0']","['0', '0', '0', '0']","Making statutory changes to align with certain recent gubernatorial emergency orders to protect privacy, reduce regulatory burdens, and provide tax relief.","Fortunato","No Requester"
"EMERGENCY, STATE OF","Emergency orders, limitations due to education modality metrics","https://app.leg.wa.gov/billsummary?BillNumber=5037&Year=2021&Initiative=false","SB 5037","EL/K-12","['0', '0', '0', '0']","['0', '0', '0', '0']","['0', '0', '0', '0']","Establishing transparent school opening metrics tied to COVID-19 prevalence.","Braun, Mullet, Brown, Dozier, Holy, King, Schoesler, Wagoner, Wilson, L.","No Requester"
"EMERGENCY, STATE OF","Emergency orders, school in-person learning as required option unless prohibited, when","https://app.leg.wa.gov/billsummary?BillNumber=5464&Year=2021&Initiative=false","SB 5464","EL/K-12","['0', '0', '0', '0']","['0', '0', '0', '0']","['0', '0', '0', '0']","Requiring the option of in-person learning unless prohibited by the governor, secretary of health, or a local health officer.","Wilson, L., Braun, Brown, Dozier, Muzzall, Padden, Wagoner, Wilson, J.","No Requester"
"EMERGENCY, STATE OF","Emergency proclamations, civil penalties for activity/operations violations under, amnesty for and prohibition of","https://app.leg.wa.gov/billsummary?BillNumber=5469&Year=2021&Initiative=false","SB 5469","State Govt & E","['0', '0', '0', '0']","['0', '0', '0', '0']","['0', '0', '0', '0']","Declaring an amnesty for all civil penalties imposed on Washington residents and businesses for the violation of any activity or condition regulated under the emergency proclamations issued in direct response to the novel coronavirus COVID-19.","Padden, Honeyford, Wilson, L.","No Requester"
"EMERGENCY, STATE OF","Emergency proclamations, content/duration/judicial review, and role of legislature","https://app.leg.wa.gov/billsummary?BillNumber=1029&Year=2021&Initiative=false","HB 1029","State Govt & T","['0', '0', '0', '0']","['0', '0', '0', '0']","['0', '0', '0', '0']","Concerning orders and rules during a state of emergency.","Walsh, Klippert, Boehnke, Eslick, Young, Graham, Kraft, Barkis, Sutherland","No Requester"
"EMERGENCY, STATE OF","Emergency proclamations, duration of, and role of legislature","https://app.leg.wa.gov/billsummary?BillNumber=5943&Year=2021&Initiative=false","SB 5943","State Govt & E","['0', '0', '0', '0']","['0', '0', '0', '0']","['0', '0', '0', '0']","Establishing balanced legislative oversight of gubernatorial powers during a declared emergency.","Wilson, L., Mullet, Braun, Dozier, Fortunato, Gildon, Holy, King, Padden, Rivers, Short, Wagoner, Warnick, Wilson, J.","No Requester"
"EMERGENCY, STATE OF","Emergency proclamations, emergency situations covered by, public agency meetings in virtual settings","https://app.leg.wa.gov/billsummary?BillNumber=1180&Year=2021&Initiative=false","HB 1180","Local Govt","['0', '0', '0', '0']","['0', '0', '0', '0']","['0', '0', '0', '0']","Concerning public testimony at public meetings, including virtual meetings.","Kraft, Sutherland","No Requester"
"EMERGENCY, STATE OF","Emergency proclamations, proclamation 21-14, to be deemed terminated and be rescinded by governor","https://app.leg.wa.gov/billsummary?BillNumber=5680&Year=2021&Initiative=false","SB 5680","Labor, Comm &","['0', '0', '0', '0']","['0', '0', '0', '0']","['0', '0', '0', '0']","Restoring the jobs and volunteer positions of individuals who were terminated from employment despite exercising their personal medical and religious rights.","McCune, Fortunato, Padden, Short, Wagoner, Wilson, J., Wilson, L.","No Requester"
"EMERGENCY, STATE OF","Emergency proclamations, resolving that proclamation 20-05 be terminated and the COVID-19 state of emergency ended","https://app.leg.wa.gov/billsummary?BillNumber=8405&Year=2021&Initiative=false","SCR 8405","State Govt & E","['0', '0', '0', '0']","['0', '0', '0', '0']","Resolving that the COVID-19 state of emergency should be ended.","Braun, Mullet, Brown, Dozier, Gildon, Holy, Honeyford, King, McCune, Muzzall, Padden, Schoesler, Sefzik, Short, Wagoner, Warnick, Wilson, J., Wilson, L.","No Requester"
"EMERGENCY, STATE OF","Emergency proclamations, school in-person learning as required option unless prohibited, when","https://app.leg.wa.gov/billsummary?BillNumber=5464&Year=2021&Initiative=false","SB 5464","EL/K-12","['0', '0', '0', '0']","['0', '0', '0', '0']","['0', '0', '0', '0']","Requiring the option of in-person learning unless prohibited by the governor, secretary of health, or a local health officer.","Wilson, L., Braun, Brown, Dozier, Muzzall, Padden, Wagoner, Wilson, J.","No Requester"
"EMERGENCY, STATE OF","Flooding, Dec. 2021/Jan. 2022, disaster response account expenditures to support recovery from","https://app.leg.wa.gov/billsummary?BillNumber=5937&Year=2021&Initiative=false","SB 5937","State Govt & E","['0', '0', '0', '0']","['0', '0', '0', '0']","['0', '0', '0', '0']","Providing financial assistance to aid impacted communities in the recovery from floods occurring November 2021 through January 2022.","Sefzik, Muzzall, Schoesler","No Requester"
"EMERGENCY, STATE OF","Governor's authority during state of emergency, legislation relating to, 2021 session cutoff dates exemption for","https://app.leg.wa.gov/billsummary?BillNumber=4402&Year=2021&Initiative=false","HCR 4402","Rules R","['0', '0', '0', '0']","['0', '0', '0', '0']","Exempting certain matters from the cutoff dates established in Senate Concurrent Resolution No. 8401.","MacEwen, Boehnke, Dufault, Klippert, Robertson, Kraft","No Requester"
"EMERGENCY, STATE OF","Health orders, emergency, content and duration","https://app.leg.wa.gov/billsummary?BillNumber=1029&Year=2021&Initiative=false","HB 1029","State Govt & T","['0', '0', '0', '0']","['0', '0', '0', '0']","['0', '0', '0', '0']","Concerning orders and rules during a state of emergency.","Walsh, Klippert, Boehnke, Eslick, Young, Graham, Kraft, Barkis, Sutherland","No Requester"
"EMERGENCY, STATE OF","Health orders, emergency, health-related measures in, right to decline","https://app.leg.wa.gov/billsummary?BillNumber=1317&Year=2021&Initiative=false","HB 1317","HC/Wellness","['0', '0', '0', '0']","['0', '0', '0', '0']","['0', '0', '0', '0']","Concerning an individual's right to refuse health-related measures.","Young, Kraft, Chase, Sutherland","No Requester"
"EMERGENCY, STATE OF","Health orders, emergency, limitations due to education modality metrics","https://app.leg.wa.gov/billsummary?BillNumber=5037&Year=2021&Initiative=false","SB 5037","EL/K-12","['0', '0', '0', '0']","['0', '0', '0', '0']","['0', '0', '0', '0']","Establishing transparent school opening metrics tied to COVID-19 prevalence.","Braun, Mullet, Brown, Dozier, Holy, King, Schoesler, Wagoner, Wilson, L.","No Requester"
"EMERGENCY, STATE OF","Health orders, emergency, school in-person learning as required option unless prohibited, when","https://app.leg.wa.gov/billsummary?BillNumber=5464&Year=2021&Initiative=false","SB 5464","EL/K-12","['0', '0', '0', '0']","['0', '0', '0', '0']","['0', '0', '0', '0']","Requiring the option of in-person learning unless prohibited by the governor, secretary of health, or a local health officer.","Wilson, L., Braun, Brown, Dozier, Muzzall, Padden, Wagoner, Wilson, J.","No Requester"
"EMERGENCY, STATE OF","Health orders, emergency, situations covered by, public agency meetings in virtual settings","https://app.leg.wa.gov/billsummary?BillNumber=1180&Year=2021&Initiative=false","HB 1180","Local Govt","['0', '0', '0', '0']","['0', '0', '0', '0']","['0', '0', '0', '0']","Concerning public testimony at public meetings, including virtual meetings.","Kraft, Sutherland","No Requester"
"EMERGENCY, STATE OF","Health-related measures, right to decline, despite laws/rules/order/directives addressing emergencies/diseases","https://app.leg.wa.gov/billsummary?BillNumber=1317&Year=2021&Initiative=false","HB 1317","HC/Wellness","['0', '0', '0', '0']","['0', '0', '0', '0']","['0', '0', '0', '0']","Concerning an individual's right to refuse health-related measures.","Young, Kraft, Chase, Sutherland","No Requester"
"EMERGENCY, STATE OF","House of representatives, floor proceedings, admittance of members to house facilities, when","https://app.leg.wa.gov/billsummary?BillNumber=4610&Year=2021&Initiative=false","HR 4610","Adopted","['1', '1', '1', '1']","Adopting the permanent rules of the House of Representatives.","Sullivan","No Requester"
"EMERGENCY, STATE OF","House of representatives, floor sessions/committee hearings, member remote participation","https://app.leg.wa.gov/billsummary?BillNumber=4610&Year=2021&Initiative=false","HR 4610","Adopted","['1', '1', '1', '1']","Adopting the permanent rules of the House of Representatives.","Sullivan","No Requester"
"EMERGENCY, STATE OF","Internet, broadband services, provider data caps during state of emergency, prohibiting","https://app.leg.wa.gov/billsummary?BillNumber=5470&Year=2021&Initiative=false","SB 5470","Environment, E","['0', '0', '0', '0']","['0', '0', '0', '0']","['0', '0', '0', '0']","Prohibiting broadband internet access service providers from applying data caps during a state of emergency.","Rivers, Nguyen, Wilson, L.","No Requester"
"EMERGENCY, STATE OF","Legislature, 2021 cutoff dates, exempting HB 1557 and state of emergency gubernatorial authority matters from","https://app.leg.wa.gov/billsummary?BillNumber=4402&Year=2021&Initiative=false","HCR 4402","Rules R","['0', '0', '0', '0']","['0', '0', '0', '0']","Exempting certain matters from the cutoff dates established in Senate Concurrent Resolution No. 8401.","MacEwen, Boehnke, Dufault, Klippert, Robertson, Kraft","No Requester"
"EMERGENCY, STATE OF","Legislature, joint committee hearings, member remote participation","https://app.leg.wa.gov/billsummary?BillNumber=4400&Year=2021&Initiative=false","HCR 4400","Filed Sec/St","['1', '1', '1', '1']","['1', '1', '1', '1']","Adopting joint rules.","Sullivan","No Requester"
"EMERGENCY, STATE OF","Legislature, joint sessions, member remote participation","https://app.leg.wa.gov/billsummary?BillNumber=4401&Year=2021&Initiative=false","HCR 4401","Filed Sec/St","['1', '1', '1', '1']","['1', '1', '1', '1']","Convening Joint Sessions of the Legislature for the purposes of canvassing the vote of Constitutional elective state officers as required by Article III, section 4 of the state Constitution and receiving the Inaugural Address of Governor Jay Inslee.","Sullivan","No Requester"
"EMERGENCY, STATE OF","Long-term care facilities, communications/resident contact information/stop placement orders/visitation, improving","https://app.leg.wa.gov/billsummary?BillNumber=1218&Year=2021&Initiative=false","Substitute - SHB 1218","159 L 21","['1', '1', '1', '1']","['1', '1', '1', '1']","['1', '1', '1', '1']","Improving health, safety, and quality of life for residents in long-term care facilities.","Bateman, Simmons, Sells, Lekanoff, Peterson, Stonier, Davis, Taylor, Dolan, Orwall, Cody, Santos, Ortiz-Self, Fitzgibbon, Slatter, Bronoske, Callan, Valdez, Ramel, Riccelli, Macri, Goodman, Harris-Talley","No Requester"
"EMERGENCY, STATE OF","Long-term care facilities, comprehensive disaster preparedness plans of","https://app.leg.wa.gov/billsummary?BillNumber=1218&Year=2021&Initiative=false","Substitute - SHB 1218","159 L 21","['1', '1', '1', '1']","['1', '1', '1', '1']","['1', '1', '1', '1']","Improving health, safety, and quality of life for residents in long-term care facilities.","Bateman, Simmons, Sells, Lekanoff, Peterson, Stonier, Davis, Taylor, Dolan, Orwall, Cody, Santos, Ortiz-Self, Fitzgibbon, Slatter, Bronoske, Callan, Valdez, Ramel, Riccelli, Macri, Goodman, Harris-Talley","No Requester"
"EMERGENCY, STATE OF","Long-term care facilities, epidemic disease preparedness and response for, report and guidelines on","https://app.leg.wa.gov/billsummary?BillNumber=1218&Year=2021&Initiative=false","Substitute - SHB 1218","159 L 21","['1', '1', '1', '1']","['1', '1', '1', '1']","['1', '1', '1', '1']","Improving health, safety, and quality of life for residents in long-term care facilities.","Bateman, Simmons, Sells, Lekanoff, Peterson, Stonier, Davis, Taylor, Dolan, Orwall, Cody, Santos, Ortiz-Self, Fitzgibbon, Slatter, Bronoske, Callan, Valdez, Ramel, Riccelli, Macri, Goodman, Harris-Talley","No Requester"
"EMERGENCY, STATE OF","Long-term care facilities, epidemic disease preparedness and response guidelines for, developing","https://app.leg.wa.gov/billsummary?BillNumber=5294&Year=2021&Initiative=false","Substitute - SSB 5294","Rules X","['0', '0', '0', '0']","['0', '0', '0', '0']","['0', '0', '0', '0']","Concerning the creation of statewide epidemic preparedness and response guidelines for long-term care facilities.","Cleveland, Muzzall, Conway, Randall, Robinson, Van De Wege, Wilson, C.","No Requester"
"EMERGENCY, STATE OF","Long-term care facilities, essential support person and resident representative for each resident","https://app.leg.wa.gov/billsummary?BillNumber=1218&Year=2021&Initiative=false","Substitute - SHB 1218","159 L 21","['1', '1', '1', '1']","['1', '1', '1', '1']","['1', '1', '1', '1']","Improving health, safety, and quality of life for residents in long-term care facilities.","Bateman, Simmons, Sells, Lekanoff, Peterson, Stonier, Davis, Taylor, Dolan, Orwall, Cody, Santos, Ortiz-Self, Fitzgibbon, Slatter, Bronoske, Callan, Valdez, Ramel, Riccelli, Macri, Goodman, Harris-Talley","No Requester"
"EMERGENCY, STATE OF","Long-term care facilities/workers, impact of emergency operations on, modifications due to","https://app.leg.wa.gov/billsummary?BillNumber=1120&Year=2021&Initiative=false","Engrossed Substitute - ESHB 1120","203 L 21","['1', '1', '1', '1']","['1', '1', '1', '1']","['1', '1', '1', '1']","Concerning state of emergency operations impacting long-term services and supports.","Tharinger, Harris, Cody, Riccelli, Stonier, Macri","Department of Social and Health Services"
"EMERGENCY, STATE OF","Long-term care providers, during COVID-19 pandemic, life/work/sacrifice of, recognizing and honoring","https://app.leg.wa.gov/billsummary?BillNumber=4624&Year=2021&Initiative=false","HR 4624","Adopted","['1', '1', '1', '1']","Recognizing the life, work, and sacrifice of Long-Term Care Providers.","Chambers, Boehnke, Mosbrucker, Leavitt, Schmick, Jacobsen, Walsh, Ryu, Wicks, Fitzgibbon, Lovick, Slatter, Caldier, Robertson, Walen, Graham, Klippert, Dolan, Barkis, Dent, Hoff","No Requester"
"EMERGENCY, STATE OF","Meetings, public, remote or limited during declared emergency, requirements","https://app.leg.wa.gov/billsummary?BillNumber=1056&Year=2021&Initiative=false","Engrossed Substitute - ESHB 1056","Rules 3C","['0', '0', '0', '0']","['0', '0', '0', '0']","['0', '0', '0', '0']","Concerning open public meeting notice requirements and declared emergencies.","Pollet, Goehner, Kloba, Lekanoff, Leavitt, Senn, Callan, Fey","No Requester"
"EMERGENCY, STATE OF","Open safe, open now plan, for reopening Washington, presenting Phase 3 regulations applying in all counties","https://app.leg.wa.gov/billsummary?BillNumber=5473&Year=2021&Initiative=false","SB 5473","State Govt & E","['0', '0', '0', '0']","['0', '0', '0', '0']","['0', '0', '0', '0']","Implementing the ""open safe, open now"" plan for reopening Washington.","Brown, Sheldon, Braun, Dozier, Fortunato, Holy, Honeyford, McCune, Muzzall, Rivers, Short, Wagoner, Warnick, Wilson, J., Wilson, L.","No Requester"
"EMERGENCY, STATE OF","Public health emergency, B&O tax exemption for businesses closed due to COVID-19","https://app.leg.wa.gov/billsummary?BillNumber=1520&Year=2021&Initiative=false","HB 1520","Finance","['0', '0', '0', '0']","['0', '0', '0', '0']","['0', '0', '0', '0']","Providing business and occupation tax relief for businesses impacted by the Covid-19 pandemic.","Young, Walsh, Sutherland, Kraft, Dufault, Jacobsen","No Requester"
"EMERGENCY, STATE OF","Public health emergency, business interruption insurance claims, denial, extending period for challenging","https://app.leg.wa.gov/billsummary?BillNumber=5351&Year=2021&Initiative=false","SB 5351","Business, Fina","['0', '0', '0', '0']","['0', '0', '0', '0']","['0', '0', '0', '0']","Concerning business interruption insurance claims.","Frockt, Nobles, Cleveland, Das, Hasegawa, Keiser, Kuderer, Lovelett, Nguyen, Randall, Salomon, Wilson, C.","No Requester"
"EMERGENCY, STATE OF","Public health emergency, child care provider license fees during, prohibiting","https://app.leg.wa.gov/billsummary?BillNumber=5151&Year=2021&Initiative=false","Substitute - SSB 5151","304 L 21","['1', '1', '1', '1']","['1', '1', '1', '1']","['1', '1', '1', '1']","Concerning foster care and child care licensing by the department of children, youth, and families.","Wilson, C., Das, Kuderer, Nobles, Saldaña","Department of Children, Youth, and Families"
"EMERGENCY, STATE OF","Public health emergency, child care provider license fees during, waiving","https://app.leg.wa.gov/billsummary?BillNumber=1278&Year=2021&Initiative=false","HB 1278","Children, Yout","['0', '0', '0', '0']","['0', '0', '0', '0']","['0', '0', '0', '0']","Suspending certain licensing requirements for child care providers.","Dent, Eslick, Sutherland, Chandler, Jacobsen, Chase, Barkis","No Requester"
"EMERGENCY, STATE OF","Public health emergency, child care provider professional development/education requirements, suspending","https://app.leg.wa.gov/billsummary?BillNumber=1278&Year=2021&Initiative=false","HB 1278","Children, Yout","['0', '0', '0', '0']","['0', '0', '0', '0']","['0', '0', '0', '0']","Suspending certain licensing requirements for child care providers.","Dent, Eslick, Sutherland, Chandler, Jacobsen, Chase, Barkis","No Requester"
"EMERGENCY, STATE OF","Public health emergency, child care/early learning providers, early achievers program suspension, extending","https://app.leg.wa.gov/billsummary?BillNumber=5277&Year=2021&Initiative=false","SB 5277","EL/K-12","['0', '0', '0', '0']","['0', '0', '0', '0']","['0', '0', '0', '0']","Suspending the early achievers program.","Short","No Requester"
"EMERGENCY, STATE OF","Public health emergency, construction contract clauses waiving/extinguishing rights to damages due to, voiding","https://app.leg.wa.gov/billsummary?BillNumber=5333&Year=2021&Initiative=false","Substitute - SSB 5333","Rules X","['0', '0', '0', '0']","['0', '0', '0', '0']","['0', '0', '0', '0']","Concerning void and unenforceable clauses in construction contracts related to delays caused by the COVID-19 pandemic emergency proclamations.","Holy, Wilson, L.","No Requester"
"EMERGENCY, STATE OF","Public health emergency, construction/certain operations permit exemption during, when","https://app.leg.wa.gov/billsummary?BillNumber=1436&Year=2021&Initiative=false","HB 1436","State Govt & T","['0', '0', '0', '0']","['0', '0', '0', '0']","['0', '0', '0', '0']","Encouraging economic recovery by reducing regulatory burdens during declared public health crises.","Walsh, Sutherland, Graham, Young, Volz, Mosbrucker, Boehnke, Chase, Barkis, Eslick, Dent, Jacobsen, Kraft","No Requester"
"EMERGENCY, STATE OF","Public health emergency, county elected officials, offices of, electronic media use/continuity of operations","https://app.leg.wa.gov/billsummary?BillNumber=1271&Year=2021&Initiative=false","Engrossed - EHB 1271","122 L 21","['1', '1', '1', '1']","['1', '1', '1', '1']","['1', '1', '1', '1']","Ensuring continuity of operations in the offices of county elected officials during the current COVID-19 pandemic and future public health crises.","Orwall, Goehner, Goodman, Thai, Fey, Pollet, Harris-Talley","No Requester"
"EMERGENCY, STATE OF","Public health emergency, COVID-19 public health response account, reenacting","https://app.leg.wa.gov/billsummary?BillNumber=5616&Year=2021&Initiative=false","2nd Substitute - 2SSB 5616","157 L 22","['1', '1', '1', '1']","['1', '1', '1', '1']","['1', '1', '1', '1']","Concerning accounts.","Rolfes","Office of Financial Management"
"EMERGENCY, STATE OF","Public health emergency, customer payment plans/partial arrearages forgiveness and utility public utility tax credit","https://app.leg.wa.gov/billsummary?BillNumber=5472&Year=2021&Initiative=false","SB 5472","Environment, E","['0', '0', '0', '0']","['0', '0', '0', '0']","['0', '0', '0', '0']","Providing support for utility customers impacted by COVID-19 through payment plans, including partial forgiveness of arrearages and a credit against the public utility tax.","Van De Wege, Sheldon, Hasegawa, Nobles","No Requester"
"EMERGENCY, STATE OF","Public health emergency, district basic education funds withholding by OSPI for certain noncompliance, prohibitions ","https://app.leg.wa.gov/billsummary?BillNumber=2000&Year=2021&Initiative=false","HB 2000","Approps","['0', '0', '0', '0']","['0', '0', '0', '0']","['0', '0', '0', '0']","Clarifying the duty of the superintendent of public instruction to distribute federal and state basic education funds.","Ybarra, Graham, Jacobsen, Walsh, Caldier","No Requester"
"EMERGENCY, STATE OF","Public health emergency, electric utility conservation targets, when events beyond control prevent meeting of","https://app.leg.wa.gov/billsummary?BillNumber=1446&Year=2021&Initiative=false","Substitute - SHB 1446","79 L 21","['1', '1', '1', '1']","['1', '1', '1', '1']","['1', '1', '1', '1']","Prohibiting a utility from being assessed a penalty for not meeting its biennial acquisition target for cost-effective conservation in special circumstances outside the utility's control.","Fey","No Requester"
"EMERGENCY, STATE OF","Public health emergency, epidemic/pandemic local preparedness and response plans, and balancing test","https://app.leg.wa.gov/billsummary?BillNumber=1442&Year=2021&Initiative=false","HB 1442","HC/Wellness","['0', '0', '0', '0']","['0', '0', '0', '0']","['0', '0', '0', '0']","Concerning epidemic and pandemic preparedness.","Chase, Sutherland, Caldier, Schmick, Eslick, Kraft","No Requester"
"EMERGENCY, STATE OF","Public health emergency, epidemics/pandemics, health professionals committee, convening","https://app.leg.wa.gov/billsummary?BillNumber=1442&Year=2021&Initiative=false","HB 1442","HC/Wellness","['0', '0', '0', '0']","['0', '0', '0', '0']","['0', '0', '0', '0']","Concerning epidemic and pandemic preparedness.","Chase, Sutherland, Caldier, Schmick, Eslick, Kraft","No Requester"
"EMERGENCY, STATE OF","Public health emergency, federal coronavirus relief funds freed up for reappropriation for recovery from","https://app.leg.wa.gov/billsummary?BillNumber=5344&Year=2021&Initiative=false","SB 5344","Ways & Means","['0', '0', '0', '0']","['0', '0', '0', '0']","['0', '0', '0', '0']","Responding to the COVID-19 pandemic through state actions supported by federal funding.","Rolfes, Robinson, Billig, Dhingra, Nguyen, Nobles, Randall, Saldaña","No Requester"
"EMERGENCY, STATE OF","Public health emergency, federal coronavirus relief funds reappropriation for recovery from","https://app.leg.wa.gov/billsummary?BillNumber=1334&Year=2021&Initiative=false","HB 1334","Approps","['0', '0', '0', '0']","['0', '0', '0', '0']","['0', '0', '0', '0']","Making appropriations to revive our economy and accelerate a lasting recovery for Washington.","Stokesbary, Klippert, Caldier, Maycumber, Boehnke, Vick, Schmick, Barkis, Walsh, Robertson, Eslick, Graham, MacEwen, Gilday, Chambers, Jacobsen","No Requester"
"EMERGENCY, STATE OF","Public health emergency, federal medicaid matching funds reattribution/reappropriation to free up CRF funds","https://app.leg.wa.gov/billsummary?BillNumber=5343&Year=2021&Initiative=false","SB 5343","Ways & Means","['0', '0', '0', '0']","['0', '0', '0', '0']","['0', '0', '0', '0']","Revising 2019-2021 fiscal biennium appropriations of state and federal funding for previously implemented medicaid rates and other medicaid expenditures in the developmental disabilities and long-term care programs in response to the COVID-19 pandemic.","Rolfes, Robinson, Dhingra, Nguyen","No Requester"
"EMERGENCY, STATE OF","Public health emergency, frontline employees, DOL driver licensing employees as, for workers' compensation","https://app.leg.wa.gov/billsummary?BillNumber=5875&Year=2021&Initiative=false","SB 5875","290 L 22","['1', '1', '1', '1']","['1', '1', '1', '1']","['1', '1', '1', '1']","Adding employees employed by the department of licensing who are assigned to review, process, approve, and issue driver licenses to the definition of frontline employees under the health emergency labor standards act.","Nguyen, Lovelett, Lovick, Nobles, Stanford, Wilson, C.","No Requester"
"EMERGENCY, STATE OF","Public health emergency, frontline employees, for workers' compensation purposes, list of","https://app.leg.wa.gov/billsummary?BillNumber=5875&Year=2021&Initiative=false","SB 5875","290 L 22","['1', '1', '1', '1']","['1', '1', '1', '1']","['1', '1', '1', '1']","Adding employees employed by the department of licensing who are assigned to review, process, approve, and issue driver licenses to the definition of frontline employees under the health emergency labor standards act.","Nguyen, Lovelett, Lovick, Nobles, Stanford, Wilson, C.","No Requester"
"EMERGENCY, STATE OF","Public health emergency, fur farming/products manufacturing, spread of COVID via, prohibitions to reduce","https://app.leg.wa.gov/billsummary?BillNumber=1375&Year=2021&Initiative=false","HB 1375","RDev, Ag&NR","['0', '0', '0', '0']","['0', '0', '0', '0']","['0', '0', '0', '0']","Protecting public health by prohibiting certain activities related to fur production.","Walen, Fitzgibbon, Bateman, Pollet","No Requester"
"EMERGENCY, STATE OF","Public health emergency, fur farms, spread of COVID-19 via, fur products sale/trade/distribution prohibitions to reduce","https://app.leg.wa.gov/billsummary?BillNumber=5973&Year=2021&Initiative=false","SB 5973","Ag/Water/Natur","['0', '0', '0', '0']","['0', '0', '0', '0']","['0', '0', '0', '0']","Concerning the unlawful trade of fur products.","Stanford","No Requester"
"EMERGENCY, STATE OF","Public health emergency, health care and behavioral health professionals, workforce expansion programs for","https://app.leg.wa.gov/billsummary?BillNumber=1504&Year=2021&Initiative=false","Engrossed 2nd Substitute - E2SHB 1504","170 L 21","['1', '1', '1', '1']","['1', '1', '1', '1']","['1', '1', '1', '1']","Modifying the workforce education investment act.","Chopp, Simmons, Berry, Davis, Valdez, Wylie, Johnson, J., Ryu, Tharinger, Taylor, Goodman, Bergquist, Ramel, Peterson, Senn, Dolan, Ormsby, Duerr, Macri, Kloba, Callan, Morgan, Stonier, Pollet, Riccelli, Thai","No Requester"
"EMERGENCY, STATE OF","Public health emergency, health care employees unemployment and workers' compensation benefits","https://app.leg.wa.gov/billsummary?BillNumber=5190&Year=2021&Initiative=false","Engrossed Substitute - ESSB 5190","251 L 21","['1', '1', '1', '1']","['1', '1', '1', '1']","['1', '1', '1', '1']","Providing health care workers with presumptive benefits during a public health emergency.","Holy, Frockt, Conway, Hasegawa, Honeyford, Keiser, King, Lovelett, Randall, Salomon, Van De Wege, Warnick, Wilson, C., Wilson, J.","No Requester"
"EMERGENCY, STATE OF","Public health emergency, health care employees, hazard pay retention bonus for, when","https://app.leg.wa.gov/billsummary?BillNumber=5911&Year=2021&Initiative=false","Substitute - SSB 5911","Ways & Means","['0', '0', '0', '0']","['0', '0', '0', '0']","['0', '0', '0', '0']","Providing hazard pay retention bonuses to certain health care employees.","Cleveland, Keiser, Billig, Conway, Das, Lovelett, Lovick, Nguyen, Randall, Saldaña, Stanford, Trudeau","No Requester"
"EMERGENCY, STATE OF","Public health emergency, health care employees, practicing in COVID units, hazard pay retention bonus for","https://app.leg.wa.gov/billsummary?BillNumber=5911&Year=2021&Initiative=false","Substitute - SSB 5911","Ways & Means","['0', '0', '0', '0']","['0', '0', '0', '0']","['0', '0', '0', '0']","Providing hazard pay retention bonuses to certain health care employees.","Cleveland, Keiser, Billig, Conway, Das, Lovelett, Lovick, Nguyen, Randall, Saldaña, Stanford, Trudeau","No Requester"
"EMERGENCY, STATE OF","Public health emergency, health care laws/regulations, selected, automatic waiver or suspension of, when","https://app.leg.wa.gov/billsummary?BillNumber=5178&Year=2021&Initiative=false","Engrossed Substitute - ESSB 5178","268 L 21","['1', '1', '1', '1']","['1', '1', '1', '1']","['1', '1', '1', '1']","Establishing automatic waivers of select state health care laws to enable timely response by the health care system during a governor-declared statewide state of emergency.","Cleveland, Muzzall, Wilson, C.","No Requester"
"EMERGENCY, STATE OF","Public health emergency, health care laws/regulations, selected, timely consideration of waiver or suspension of, when","https://app.leg.wa.gov/billsummary?BillNumber=5178&Year=2021&Initiative=false","Engrossed Substitute - ESSB 5178","268 L 21","['1', '1', '1', '1']","['1', '1', '1', '1']","['1', '1', '1', '1']","Establishing automatic waivers of select state health care laws to enable timely response by the health care system during a governor-declared statewide state of emergency.","Cleveland, Muzzall, Wilson, C.","No Requester"
"EMERGENCY, STATE OF","Public health emergency, health care provider personal protective equipment use, reimbursement for","https://app.leg.wa.gov/billsummary?BillNumber=5169&Year=2021&Initiative=false","Substitute - SSB 5169","94 L 21","['1', '1', '1', '1']","['1', '1', '1', '1']","['1', '1', '1', '1']","Concerning provider reimbursement for personal protective equipment during the state of emergency related to COVID-19.","Frockt, Holy, Carlyle, Das, Hunt, Kuderer, Liias, Randall, Robinson, Wilson, C.","No Requester"
"EMERGENCY, STATE OF","Public health emergency, health care provider use of ""known"" remedies to prevent/treat/cure COVID-19, when","https://app.leg.wa.gov/billsummary?BillNumber=2065&Year=2021&Initiative=false","HB 2065","HC/Wellness","['0', '0', '0', '0']","['0', '0', '0', '0']","['0', '0', '0', '0']","Authorizing health care providers to use their professional judgment and known remedies in treating and preventing COVID-19.","Kraft, Chase, Graham, Sutherland, Eslick","No Requester"
"EMERGENCY, STATE OF","Public health emergency, health care workers paid administrative leave during, when","https://app.leg.wa.gov/billsummary?BillNumber=1242&Year=2021&Initiative=false","HB 1242","Labor & Workpl","['0', '0', '0', '0']","['0', '0', '0', '0']","['0', '0', '0', '0']","Providing paid administrative leave for health care workers in time of declared public health emergencies.","Leavitt, Dolan, Lovick, Valdez, Simmons, Ramel, Ortiz-Self, Frame, Shewmake, Ryu, Callan, Wicks, Rule, Lekanoff, Macri, Bronoske, Chopp, Slatter, Ramos, Harris-Talley, Pollet","No Requester"
"EMERGENCY, STATE OF","Public health emergency, income replacement for immigrant workers program, creating","https://app.leg.wa.gov/billsummary?BillNumber=5438&Year=2021&Initiative=false","SB 5438","Labor, Comm &","['0', '0', '0', '0']","['0', '0', '0', '0']","['0', '0', '0', '0']","Providing unemployment benefits to workers who are unemployed as a result of the COVID-19 pandemic and not eligible for unemployment benefits due to immigration status.","Saldaña, Nobles, Cleveland, Darneille, Das, Dhingra, Hasegawa, Hunt, Kuderer, Liias, Lovelett, Nguyen, Robinson, Stanford, Wellman, Wilson, C.","No Requester"
"EMERGENCY, STATE OF","Public health emergency, injuries resulting from health care during, standard of care law and proof of injury","https://app.leg.wa.gov/billsummary?BillNumber=5271&Year=2021&Initiative=false","Substitute - SSB 5271","241 L 21","['1', '1', '1', '1']","['1', '1', '1', '1']","['1', '1', '1', '1']","Amending the necessary elements of proof of injury during the state of emergency declared due to the COVID-19 pandemic.","Wagoner, Pedersen, Dhingra","No Requester"
"EMERGENCY, STATE OF","Public health emergency, insurance rates/rules exceptions due to impact of extraordinary life events","https://app.leg.wa.gov/billsummary?BillNumber=5409&Year=2021&Initiative=false","SB 5409","Business, Fina","['0', '0', '0', '0']","['0', '0', '0', '0']","['0', '0', '0', '0']","Requiring insurers who use credit information to provide reasonable exceptions to insurance rates for consumers experiencing extraordinary life circumstances.","Dozier, Braun","No Requester"
"EMERGENCY, STATE OF","Public health emergency, L&I rules/guidance/policies and penalties imposed on employers, restricting","https://app.leg.wa.gov/billsummary?BillNumber=1609&Year=2021&Initiative=false","HB 1609","Labor & Workpl","['0', '0', '0', '0']","['0', '0', '0', '0']","['0', '0', '0', '0']","Limiting agency authority to align with federal standards during public health emergencies.","Hoff, Vick, Caldier, Graham, Corry, Dufault","No Requester"
"EMERGENCY, STATE OF","Public health emergency, labor standards for, establishing","https://app.leg.wa.gov/billsummary?BillNumber=5115&Year=2021&Initiative=false","Engrossed Substitute - ESSB 5115","252 L 21","['1', '1', '1', '1']","['1', '1', '1', '1']","['1', '1', '1', '1']","Establishing health emergency labor standards.","Keiser, Liias, Conway, Kuderer, Lovelett, Nguyen, Salomon, Stanford, Wilson, C.","No Requester"
"EMERGENCY, STATE OF","Public health emergency, labor standards for, personal protective equipment, employer requirements","https://app.leg.wa.gov/billsummary?BillNumber=5254&Year=2021&Initiative=false","Substitute - SSB 5254","146 L 21","['1', '1', '1', '1']","['1', '1', '1', '1']","['1', '1', '1', '1']","Concerning the use of protective devices and equipment during a public health emergency.","Salomon, Darneille, Frockt, Hasegawa, Keiser, Saldaña, Stanford, Wilson, C.","No Requester"
"EMERGENCY, STATE OF","Public health emergency, liquor license fees waiver, unless licensee has violated emergency requirements","https://app.leg.wa.gov/billsummary?BillNumber=5272&Year=2021&Initiative=false","Engrossed Substitute - ESSB 5272","6 L 21","['1', '1', '1', '1']","['1', '1', '1', '1']","['1', '1', '1', '1']","Concerning temporarily waiving certain liquor and cannabis board annual licensing fees.","Rolfes, Frockt, Conway, Das, Dhingra, Keiser, Lovelett, Mullet, Nguyen, Nobles, Randall, Saldaña, Stanford, Wilson, C., Wilson, J.","No Requester"
"EMERGENCY, STATE OF","Public health emergency, long-term care providers during, life/work/sacrifice of, recognizing and honoring","https://app.leg.wa.gov/billsummary?BillNumber=4624&Year=2021&Initiative=false","HR 4624","Adopted","['1', '1', '1', '1']","Recognizing the life, work, and sacrifice of Long-Term Care Providers.","Chambers, Boehnke, Mosbrucker, Leavitt, Schmick, Jacobsen, Walsh, Ryu, Wicks, Fitzgibbon, Lovick, Slatter, Caldier, Robertson, Walen, Graham, Klippert, Dolan, Barkis, Dent, Hoff","No Requester"
"EMERGENCY, STATE OF","Public health emergency, measures infringing on any constitutional rights, prohibiting enforcement of","https://app.leg.wa.gov/billsummary?BillNumber=1442&Year=2021&Initiative=false","HB 1442","HC/Wellness","['0', '0', '0', '0']","['0', '0', '0', '0']","['0', '0', '0', '0']","Concerning epidemic and pandemic preparedness.","Chase, Sutherland, Caldier, Schmick, Eslick, Kraft","No Requester"
"EMERGENCY, STATE OF","Public health emergency, pandemic leave assistance employee and employer grants, when","https://app.leg.wa.gov/billsummary?BillNumber=1073&Year=2021&Initiative=false","Engrossed 2nd Substitute - E2SHB 1073","109 L 21","['1', '1', '1', '1']","['1', '1', '1', '1']","['1', '1', '1', '1']","Expanding coverage of the paid family and medical leave program.","Berry, Wicks, Fitzgibbon, Bateman, Tharinger, Simmons, Kloba, Ramel, Ortiz-Self, Goodman, Ryu, Bronoske, Hackney, Chopp, Riccelli, Stonier, Frame, Macri, Davis, Pollet, Bergquist, Harris-Talley","No Requester"
"EMERGENCY, STATE OF","Public health emergency, personal data regarding, private and public sector privacy","https://app.leg.wa.gov/billsummary?BillNumber=5062&Year=2021&Initiative=false","2nd Substitute - 2SSB 5062","Rules 3","['0', '0', '0', '0']","['0', '0', '0', '0']","['0', '0', '0', '0']","Concerning the management, oversight, and use of data.","Carlyle, Nguyen, Billig, Darneille, Das, Dhingra, Holy, Hunt, Lovelett, Mullet, Pedersen, Salomon, Sheldon, Wellman, Wilson, C.","No Requester"
"EMERGENCY, STATE OF","Public health emergency, price increases, excessive/unjustified during state of emergency, prohibiting","https://app.leg.wa.gov/billsummary?BillNumber=5191&Year=2021&Initiative=false","Engrossed Substitute - ESSB 5191","Rules X","['0', '0', '0', '0']","['0', '0', '0', '0']","['0', '0', '0', '0']","Regulating unfair business practices and prohibiting predatory price increases during states of emergency.","Darneille, King, Billig, Carlyle, Conway, Das, Hasegawa, Hunt, Kuderer, Liias, Lovelett, Nguyen, Nobles, Randall, Salomon, Stanford, Wilson, C.","Attorney General"
"EMERGENCY, STATE OF","Public health emergency, property revenue reduction due to COVID emergency, property tax deferral","https://app.leg.wa.gov/billsummary?BillNumber=5402&Year=2021&Initiative=false","SB 5402","Ways & Means","['0', '0', '0', '0']","['0', '0', '0', '0']","['0', '0', '0', '0']","Concerning property tax deferral during the COVID-19 pandemic.","Mullet, Kuderer","No Requester"
"EMERGENCY, STATE OF","Public health emergency, property revenue reduction due to COVID emergency, property tax deferral via payment plan","https://app.leg.wa.gov/billsummary?BillNumber=1332&Year=2021&Initiative=false","Engrossed Substitute - ESHB 1332","73 L 21","['1', '1', '1', '1']","['1', '1', '1', '1']","['1', '1', '1', '1']","Concerning property tax deferral during the COVID-19 pandemic.","Sullivan, Ramel, Leavitt, Dufault, Hackney, Wylie, Santos, Ortiz-Self, Ormsby, Rule, Stokesbary, Callan, Pollet, Macri","No Requester"
"EMERGENCY, STATE OF","Public health emergency, property value reduction, as destroyed property or due to use restrictions","https://app.leg.wa.gov/billsummary?BillNumber=5282&Year=2021&Initiative=false","SB 5282","Ways & Means","['0', '0', '0', '0']","['0', '0', '0', '0']","['0', '0', '0', '0']","Concerning reduction in value of property as a result of government restrictions imposed in response to a public health emergency.","Dhingra, Carlyle, Das, Kuderer, Nguyen, Randall, Rivers, Saldaña, Stanford, Wagoner, Wilson, C.","No Requester"
"EMERGENCY, STATE OF","Public health emergency, public assistance minimum service expectations/requirements for DSHS, establishing","https://app.leg.wa.gov/billsummary?BillNumber=2075&Year=2021&Initiative=false","Engrossed 2nd Substitute - E2SHB 2075","ov vetoed","['1', '1', '1', '1']","['1', '1', '1', '1']","['0', '0']","Establishing service requirements for the department of social and health services.","Peterson, Fitzgibbon, Simmons, Morgan, Chopp, Walen, Macri, Sutherland","No Requester"
"EMERGENCY, STATE OF","Public health emergency, public assistance minimum service expectations/requirements for DSHS's CSD, establishing","https://app.leg.wa.gov/billsummary?BillNumber=2075&Year=2021&Initiative=false","Engrossed 2nd Substitute - E2SHB 2075","ov vetoed","['1', '1', '1', '1']","['1', '1', '1', '1']","['0', '0']","Establishing service requirements for the department of social and health services.","Peterson, Fitzgibbon, Simmons, Morgan, Chopp, Walen, Macri, Sutherland","No Requester"
"EMERGENCY, STATE OF","Public health emergency, public works contract clauses waiving/extinguishing rights to damages due to, voiding","https://app.leg.wa.gov/billsummary?BillNumber=5333&Year=2021&Initiative=false","Substitute - SSB 5333","Rules X","['0', '0', '0', '0']","['0', '0', '0', '0']","['0', '0', '0', '0']","Concerning void and unenforceable clauses in construction contracts related to delays caused by the COVID-19 pandemic emergency proclamations.","Holy, Wilson, L.","No Requester"
"EMERGENCY, STATE OF","Public health emergency, school immunity from COVID infection-related damage/loss/injury/death claims liability, when","https://app.leg.wa.gov/billsummary?BillNumber=1338&Year=2021&Initiative=false","HB 1338","Civil R & Judi","['0', '0', '0', '0']","['0', '0', '0', '0']","['0', '0', '0', '0']","Preserving public school resources during the COVID-19 emergency.","Harris, Walen, Eslick","No Requester"
"EMERGENCY, STATE OF","Public health emergency, school in-person instruction, as required learning option, when","https://app.leg.wa.gov/billsummary?BillNumber=5464&Year=2021&Initiative=false","SB 5464","EL/K-12","['0', '0', '0', '0']","['0', '0', '0', '0']","['0', '0', '0', '0']","Requiring the option of in-person learning unless prohibited by the governor, secretary of health, or a local health officer.","Wilson, L., Braun, Brown, Dozier, Muzzall, Padden, Wagoner, Wilson, J.","No Requester"
"EMERGENCY, STATE OF","Public health emergency, school staff paid emergency leave pool","https://app.leg.wa.gov/billsummary?BillNumber=1992&Year=2021&Initiative=false","Substitute - SHB 1992","Rules C","['0', '0', '0', '0']","['0', '0', '0', '0']","['0', '0', '0', '0']","Concerning vacation leave accrual for public employees.","Bateman, Leavitt, Berry, Macri, Frame, Pollet, Bronoske, Taylor, Valdez, Slatter, Kloba, MacEwen","No Requester"
"EMERGENCY, STATE OF","Public health emergency, school use of learning assistance program to address academic deficits due to","https://app.leg.wa.gov/billsummary?BillNumber=1208&Year=2021&Initiative=false","Substitute - SHB 1208","111 L 21","['1', '1', '1', '1']","['1', '1', '1', '1']","['1', '1', '1', '1']","Modifying the learning assistance program.","Santos, Steele, Lekanoff, Paul, Callan, Ortiz-Self, Bergquist, Harris-Talley","No Requester"
"EMERGENCY, STATE OF","Public health emergency, school use of learning assistance program to address academic/nonacademic needs due to","https://app.leg.wa.gov/billsummary?BillNumber=1208&Year=2021&Initiative=false","Substitute - SHB 1208","111 L 21","['1', '1', '1', '1']","['1', '1', '1', '1']","['1', '1', '1', '1']","Modifying the learning assistance program.","Santos, Steele, Lekanoff, Paul, Callan, Ortiz-Self, Bergquist, Harris-Talley","No Requester"
"EMERGENCY, STATE OF","Public health emergency, schools resuming in-person instruction, prioritizing delivery to certain students","https://app.leg.wa.gov/billsummary?BillNumber=1366&Year=2021&Initiative=false","Substitute - SHB 1366","Rules C","['0', '0', '0', '0']","['0', '0', '0', '0']","['0', '0', '0', '0']","Requiring school districts to prioritize the resumption of in-person instruction to certain students following an emergency.","Caldier, Chase","No Requester"
"EMERGENCY, STATE OF","Public health emergency, schools, enrichment levies, formulas for, using 2019-2020 enrollments, when","https://app.leg.wa.gov/billsummary?BillNumber=1476&Year=2021&Initiative=false","Engrossed Substitute - ESHB 1476","221 L 21","['1', '1', '1', '1']","['1', '1', '1', '1']","['1', '1', '1', '1']","Addressing enrollment declines due to the COVID-19 pandemic.","Dolan, Sullivan, Ortiz-Self, Callan, Santos, Ryu, Shewmake, Johnson, J., Valdez, Eslick, Rule, Lekanoff, Stonier, Ramel, Tharinger, Peterson, Pollet","No Requester"
"EMERGENCY, STATE OF","Public health emergency, schools, enrichment levies/LEA/LAP allocations, using 2019-2020 enrollments for, when","https://app.leg.wa.gov/billsummary?BillNumber=5563&Year=2021&Initiative=false","Substitute - SSB 5563","Rules X","['0', '0', '0', '0']","['0', '0', '0', '0']","['0', '0', '0', '0']","Concerning enrollment stabilization funding to address enrollment declines due to the COVID-19 pandemic.","Wellman, Hasegawa, Cleveland, Conway, Dhingra, Kuderer, Nguyen, Nobles, Pedersen, Randall, Stanford, Wilson, C.","No Requester"
"EMERGENCY, STATE OF","Public health emergency, schools, enrollment stabilization allocations for local education agencies, when","https://app.leg.wa.gov/billsummary?BillNumber=5563&Year=2021&Initiative=false","Substitute - SSB 5563","Rules X","['0', '0', '0', '0']","['0', '0', '0', '0']","['0', '0', '0', '0']","Concerning enrollment stabilization funding to address enrollment declines due to the COVID-19 pandemic.","Wellman, Hasegawa, Cleveland, Conway, Dhingra, Kuderer, Nguyen, Nobles, Pedersen, Randall, Stanford, Wilson, C.","No Requester"
"EMERGENCY, STATE OF","Public health emergency, schools, learning loss, addressing with grant programs, year-round school, and funding","https://app.leg.wa.gov/billsummary?BillNumber=5147&Year=2021&Initiative=false","2nd Substitute - 2SSB 5147","Rules X","['0', '0', '0', '0']","['0', '0', '0', '0']","['0', '0', '0', '0']","Exploring alternative school calendars.","Hawkins, Wellman, Billig, Dhingra, Frockt, Hasegawa, Kuderer, Muzzall, Nobles, Rivers, Saldaña, Wilson, C.","No Requester"
"EMERGENCY, STATE OF","Public health emergency, small business B&O tax relief during small business excise tax relief period in 2021","https://app.leg.wa.gov/billsummary?BillNumber=5398&Year=2021&Initiative=false","SB 5398","Ways & Means","['0', '0', '0', '0']","['0', '0', '0', '0']","['0', '0', '0', '0']","Providing small business excise tax relief to address the financial hardship caused by COVID-19.","Wellman, Das, Dhingra, Hasegawa, Kuderer, Nguyen, Nobles, Randall, Saldaña, Wilson, C.","No Requester"
"EMERGENCY, STATE OF","Public health emergency, sport practices/competitions, mandatory mask/COVID-19 testing for, prohibiting, when","https://app.leg.wa.gov/billsummary?BillNumber=1887&Year=2021&Initiative=false","HB 1887","State Govt & T","['0', '0', '0', '0']","['0', '0', '0', '0']","['0', '0', '0', '0']","Removing barriers to children participating in sport practices and competitions.","Klippert, Chase","No Requester"
"EMERGENCY, STATE OF","Public health emergency, state employees working from home, expenditures reimbursement/state internet use","https://app.leg.wa.gov/billsummary?BillNumber=5395&Year=2021&Initiative=false","Engrossed 2nd Substitute - E2SSB 5395","Rules X","['0', '0', '0', '0']","['0', '0', '0', '0']","['0', '0', '0', '0']","Concerning use of state resources during periods where state employees are required to work from home.","Hunt, Dhingra, Hasegawa, Kuderer, Nguyen, Nobles, Randall, Saldaña, Wellman, Wilson, C.","No Requester"
"EMERGENCY, STATE OF","Public health emergency, state employees working from home, remote working environment work group, establishing","https://app.leg.wa.gov/billsummary?BillNumber=5395&Year=2021&Initiative=false","Engrossed 2nd Substitute - E2SSB 5395","Rules X","['0', '0', '0', '0']","['0', '0', '0', '0']","['0', '0', '0', '0']","Concerning use of state resources during periods where state employees are required to work from home.","Hunt, Dhingra, Hasegawa, Kuderer, Nguyen, Nobles, Randall, Saldaña, Wellman, Wilson, C.","No Requester"
"EMERGENCY, STATE OF","Public health emergency, statewide pandemic preparation and response task force and account, establishing","https://app.leg.wa.gov/billsummary?BillNumber=1340&Year=2021&Initiative=false","Substitute - SHB 1340","Approps","['0', '0', '0', '0']","['0', '0', '0', '0']","['0', '0', '0', '0']","Concerning creation of the statewide pandemic preparation and response task force.","Lovick, Harris, Fitzgibbon, Ryu, Taylor, Wicks, Dolan, Ramel, Valdez, Leavitt, Goodman, Johnson, J., Chopp, Orwall, Santos, Peterson, Gregerson, Shewmake, Davis, Ormsby, Berg, Bronoske, Duerr, Fey, Bateman, Lekanoff, Senn, Callan, Frame, Pollet, Harris-Talley, Macri","No Requester"
"EMERGENCY, STATE OF","Public health emergency, statewide pandemic response and recovery task force for after-action review, establishing","https://app.leg.wa.gov/billsummary?BillNumber=1340&Year=2021&Initiative=false","Substitute - SHB 1340","Approps","['0', '0', '0', '0']","['0', '0', '0', '0']","['0', '0', '0', '0']","Concerning creation of the statewide pandemic preparation and response task force.","Lovick, Harris, Fitzgibbon, Ryu, Taylor, Wicks, Dolan, Ramel, Valdez, Leavitt, Goodman, Johnson, J., Chopp, Orwall, Santos, Peterson, Gregerson, Shewmake, Davis, Ormsby, Berg, Bronoske, Duerr, Fey, Bateman, Lekanoff, Senn, Callan, Frame, Pollet, Harris-Talley, Macri","No Requester"
"EMERGENCY, STATE OF","Public health emergency, student athletes newly recruited, 4-year colleges to reserve 50% of athletic scholarship funding for","https://app.leg.wa.gov/billsummary?BillNumber=1390&Year=2021&Initiative=false","HB 1390","Coll & Wkf Dev","['0', '0', '0', '0']","['0', '0', '0', '0']","['0', '0', '0', '0']","Assisting Washington student athletes by prioritizing athletic scholarship funding.","Walsh, Wicks, Boehnke, Mosbrucker, Jacobsen, Chambers, Corry, McCaslin, Eslick, Dufault, Lekanoff","No Requester"
"EMERGENCY, STATE OF","Public health emergency, student learning loss/missed extracurricular activities, bridge year pilot program","https://app.leg.wa.gov/billsummary?BillNumber=5265&Year=2021&Initiative=false","2nd Substitute - 2SSB 5265","Rules X","['0', '0', '0', '0']","['0', '0', '0', '0']","['0', '0', '0', '0']","Creating a bridge year pilot program.","Hunt, Das, Nguyen, Wellman, Wilson, C.","No Requester"
"EMERGENCY, STATE OF","Public health emergency, student success, 2015 WSU report/recommendations on, updating due to COVID","https://app.leg.wa.gov/billsummary?BillNumber=1746&Year=2021&Initiative=false","Substitute - SHB 1746","Rules 3C","['0', '0', '0', '0']","['0', '0', '0', '0']","['0', '0', '0', '0']","Updating the 2015 report and recommendations for supporting student success through measuring and mitigating community risk and protective predictors since the emergence of the COVID-19 pandemic.","Ortiz-Self, Taylor, Davis, Ramel, Santos","No Requester"
"EMERGENCY, STATE OF","Public health emergency, student transportation services funding, during school remote instruction","https://app.leg.wa.gov/billsummary?BillNumber=5128&Year=2021&Initiative=false","Engrossed 2nd Substitute - E2SSB 5128","234 L 21","['1', '1', '1', '1']","['1', '1', '1', '1']","['1', '1', '1', '1']","Concerning student transportation funding during a local, state, or national emergency.","Wellman, Wilson, C., Conway, Dhingra, Hunt, Keiser, Lovelett, Nguyen, Saldaña","No Requester"
"EMERGENCY, STATE OF","Public health emergency, telecommunications/broadband services in unserved areas, provided by PUDs/port districts","https://app.leg.wa.gov/billsummary?BillNumber=5383&Year=2021&Initiative=false","2nd Substitute - 2SSB 5383","293 L 21","['1', '1', '1', '1']","['1', '1', '1', '1']","['1', '1', '1', '1']","Authorizing a public utility district to provide retail telecommunications services in unserved areas under certain conditions.","Wellman, Short, Hunt, King, Lovelett, Nguyen, Randall, Saldaña, Warnick, Wilson, C., Wilson, L.","No Requester"
"EMERGENCY, STATE OF","Public health emergency, telecommunications/broadband services provided by PUDs in unserved areas, when","https://app.leg.wa.gov/billsummary?BillNumber=5383&Year=2021&Initiative=false","2nd Substitute - 2SSB 5383","293 L 21","['1', '1', '1', '1']","['1', '1', '1', '1']","['1', '1', '1', '1']","Authorizing a public utility district to provide retail telecommunications services in unserved areas under certain conditions.","Wellman, Short, Hunt, King, Lovelett, Nguyen, Randall, Saldaña, Warnick, Wilson, C., Wilson, L.","No Requester"
"EMERGENCY, STATE OF","Public health emergency, tenant protections, and legal representation and landlord assistance","https://app.leg.wa.gov/billsummary?BillNumber=5160&Year=2021&Initiative=false","Engrossed 2nd Substitute - E2SSB 5160","115 L 21","['1', '1', '1', '1']","['1', '1', '1', '1']","['1', '1', '1', '1']","Addressing landlord-tenant relations by providing certain tenant protections during and after public health emergencies, providing for legal representation in eviction cases, and authorizing landlord access to state rental assistance programs.","Kuderer, Liias, Conway, Das, Lovelett, Saldaña, Wilson, C.","No Requester"
"EMERGENCY, STATE OF","Public health emergency, tenant protections, legal representation, landlord assistance, and pilot program","https://app.leg.wa.gov/billsummary?BillNumber=5160&Year=2021&Initiative=false","Engrossed 2nd Substitute - E2SSB 5160","115 L 21","['1', '1', '1', '1']","['1', '1', '1', '1']","['1', '1', '1', '1']","Addressing landlord-tenant relations by providing certain tenant protections during and after public health emergencies, providing for legal representation in eviction cases, and authorizing landlord access to state rental assistance programs.","Kuderer, Liias, Conway, Das, Lovelett, Saldaña, Wilson, C.","No Requester"
"EMERGENCY, STATE OF","Public health emergency, tenant protections, legal representation, landlord mitigation, and pilot program","https://app.leg.wa.gov/billsummary?BillNumber=5160&Year=2021&Initiative=false","Engrossed 2nd Substitute - E2SSB 5160","115 L 21","['1', '1', '1', '1']","['1', '1', '1', '1']","['1', '1', '1', '1']","Addressing landlord-tenant relations by providing certain tenant protections during and after public health emergencies, providing for legal representation in eviction cases, and authorizing landlord access to state rental assistance programs.","Kuderer, Liias, Conway, Das, Lovelett, Saldaña, Wilson, C.","No Requester"
"EMERGENCY, STATE OF","Public health emergency, tenant protections, limiting rent increases after eviction moratorium expiration","https://app.leg.wa.gov/billsummary?BillNumber=5139&Year=2021&Initiative=false","SB 5139","Housing & Loca","['0', '0', '0', '0']","['0', '0', '0', '0']","['0', '0', '0', '0']","Limiting rent increases after expiration of the governor's eviction moratorium.","Das, Lovelett, Darneille, Hunt, Liias, Nguyen, Wilson, C.","No Requester"
"EMERGENCY, STATE OF","Public health emergency, tenant protections, limiting termination and eviction and penalizing unlawful lease provisions","https://app.leg.wa.gov/billsummary?BillNumber=1236&Year=2021&Initiative=false","Engrossed Substitute - ESHB 1236","212 L 21","['1', '1', '1', '1']","['1', '1', '1', '1']","['1', '1', '1', '1']","Protecting residential tenants from the beginning to end of their tenancies by penalizing the inclusion of unlawful lease provisions and limiting the reasons for eviction, refusal to continue, and termination.","Macri, Taylor, Dolan, Gregerson, Berry, Fitzgibbon, Frame, Simmons, Ramel, Bateman, Johnson, J., Hackney, Chopp, Thai, Peterson, Santos, Orwall, Ortiz-Self, Ryu, Wicks, Lekanoff, Slatter, Berg, Senn, Harris-Talley, Ormsby, Pollet","No Requester"
"EMERGENCY, STATE OF","Public health emergency, tenant/landlord protections, emergency rental assistance grant program, creating","https://app.leg.wa.gov/billsummary?BillNumber=1398&Year=2021&Initiative=false","HB 1398","Hous, Human Sv","['0', '0', '0', '0']","['0', '0', '0', '0']","['0', '0', '0', '0']","Preserving affordable housing and assisting tenants and rental housing providers in response to the COVID-19 public health crisis.","Dufault, Caldier, Volz, Robertson, Chase, Klicker, Jacobsen, Walsh, Chambers, Corry, Vick, Eslick","No Requester"
"EMERGENCY, STATE OF","Public health emergency, tenant/landlord protections, resolution/assistance programs and rent repayment","https://app.leg.wa.gov/billsummary?BillNumber=1228&Year=2021&Initiative=false","HB 1228","Hous, Human Sv","['0', '0', '0', '0']","['0', '0', '0', '0']","['0', '0', '0', '0']","Addressing residential landlord-tenant requirements in response to the COVID-19 public health emergency.","Barkis, Walen, Dent, Hoff, Jacobsen, Chambers, Ryu, Graham, Ybarra, Caldier, MacEwen, Walsh, Chapman, Boehnke, Dolan, Springer, Chandler, Eslick, Robertson, Gilday","No Requester"
"EMERGENCY, STATE OF","Public health emergency, unemployment and workers' compensation benefits for health care employees","https://app.leg.wa.gov/billsummary?BillNumber=5190&Year=2021&Initiative=false","Engrossed Substitute - ESSB 5190","251 L 21","['1', '1', '1', '1']","['1', '1', '1', '1']","['1', '1', '1', '1']","Providing health care workers with presumptive benefits during a public health emergency.","Holy, Frockt, Conway, Hasegawa, Honeyford, Keiser, King, Lovelett, Randall, Salomon, Van De Wege, Warnick, Wilson, C., Wilson, J.","No Requester"
"EMERGENCY, STATE OF","Public health emergency, unemployment benefits, extended, benefit/eligibility periods and job searches for","https://app.leg.wa.gov/billsummary?BillNumber=5425&Year=2021&Initiative=false","Substitute - SSB 5425","107 L 21","['1', '1', '1', '1']","['1', '1', '1', '1']","['1', '1', '1', '1']","Concerning extended benefits in the unemployment insurance system.","Stanford, Das, Hasegawa, Keiser, Kuderer, Nguyen, Saldaña","Employment Security Department"
"EMERGENCY, STATE OF","Public health emergency, unemployment benefits, forgiven, for certain employers, reimbursement of, when","https://app.leg.wa.gov/billsummary?BillNumber=5478&Year=2021&Initiative=false","Engrossed Substitute - ESSB 5478","292 L 21","['1', '1', '1', '1']","['1', '1', '1', '1']","['1', '1', '1', '1']","Concerning unemployment insurance relief for certain employers.","Keiser, Mullet, Billig, Cleveland, Conway, Das, Hunt, King, Kuderer, Liias, Lovelett, Nguyen, Randall, Rolfes, Saldaña, Stanford, Van De Wege, Wilson, C., Wilson, J.","No Requester"
"EMERGENCY, STATE OF","Public health emergency, unemployment insurance contribution relief for employers","https://app.leg.wa.gov/billsummary?BillNumber=5171&Year=2021&Initiative=false","SB 5171","Ways & Means","['0', '0', '0', '0']","['0', '0', '0', '0']","['0', '0', '0', '0']","Providing unemployment insurance relief.","Wilson, L., Braun, Brown, Dozier, Gildon, Holy, King, Muzzall, Rivers, Schoesler, Short, Wagoner, Wilson, J.","No Requester"
"EMERGENCY, STATE OF","Public health emergency, unemployment insurance revisions to aid employees and employers during","https://app.leg.wa.gov/billsummary?BillNumber=5061&Year=2021&Initiative=false","Engrossed Substitute - ESSB 5061","2 L 21","['1', '1', '1', '1']","['1', '1', '1', '1']","['1', '1', '1', '1']","Concerning unemployment insurance.","Keiser, Conway, Billig, Dhingra, King, Nguyen, Saldaña, Stanford, Wilson, C.","Office of the Governor"
"EMERGENCY, STATE OF","Public health emergency, wage liens for employee wage claims, Washington wage recovery act","https://app.leg.wa.gov/billsummary?BillNumber=5355&Year=2021&Initiative=false","Engrossed Substitute - ESSB 5355","102 L 21","['1', '1', '1', '1']","['1', '1', '1', '1']","['1', '1', '1', '1']","Establishing wage liens.","Conway","No Requester"
"EMERGENCY, STATE OF","Public health emergency, WISHA violations, civil penalties when emergency proclamation in effect, prohibiting","https://app.leg.wa.gov/billsummary?BillNumber=1244&Year=2021&Initiative=false","HB 1244","Labor & Workpl","['0', '0', '0', '0']","['0', '0', '0', '0']","['0', '0', '0', '0']","Prohibiting civil penalties for first-time violations of standards regulated under emergency proclamations.","Mosbrucker, Springer, Dent, Hoff, Kirby, Chapman, Jacobsen, Ybarra, Caldier, Goehner, Eslick, Callan, Walsh, Dufault, Chase, Robertson, Klippert, Goodman","No Requester"
"EMERGENCY, STATE OF","Public health emergency,, secondary traumatic stress in K-12 workforce, model policy/procedure to address","https://app.leg.wa.gov/billsummary?BillNumber=1363&Year=2021&Initiative=false","Substitute - SHB 1363","129 L 21","['1', '1', '1', '1']","['1', '1', '1', '1']","['1', '1', '1', '1']","Addressing secondary trauma in the K-12 workforce.","Ortiz-Self, Callan, Davis, Ramos, Simmons, Berg, Morgan, Bergquist, Harris-Talley, Pollet","No Requester"
"EMERGENCY, STATE OF","Resiliency, statewide disaster resiliency program, developing and administering","https://app.leg.wa.gov/billsummary?BillNumber=1147&Year=2021&Initiative=false","Substitute - SHB 1147","Approps","['0', '0', '0', '0']","['0', '0', '0', '0']","['0', '0', '0', '0']","Creating the Washington state office of resiliency.","Ryu, Klippert, Pollet, Goodman, Rule","No Requester"
"EMERGENCY, STATE OF","Resiliency, Washington state office of, establishing, and creating advisory board within office","https://app.leg.wa.gov/billsummary?BillNumber=1147&Year=2021&Initiative=false","Substitute - SHB 1147","Approps","['0', '0', '0', '0']","['0', '0', '0', '0']","['0', '0', '0', '0']","Creating the Washington state office of resiliency.","Ryu, Klippert, Pollet, Goodman, Rule","No Requester"
"EMERGENCY, STATE OF","Roadmap to Recovery, phase 2, places/organizations reopening/resuming at","https://app.leg.wa.gov/billsummary?BillNumber=5114&Year=2021&Initiative=false","SB 5114","State Govt & E","['0', '0', '0', '0']","['0', '0', '0', '0']","['0', '0', '0', '0']","Concerning safely reopening Washington.","Braun, Mullet, Brown, Dozier, Fortunato, Gildon, Holy, King, Muzzall, Rivers, Schoesler, Sheldon, Short, Wagoner, Wilson, L., Wilson, J.","No Requester"
"EMERGENCY, STATE OF","Roadmap to Recovery, reverting county to more restrictive phase, COVID-19 vaccine equitable dose allocation before","https://app.leg.wa.gov/billsummary?BillNumber=5484&Year=2021&Initiative=false","SB 5484","State Govt & E","['0', '0', '0', '0']","['0', '0', '0', '0']","['0', '0', '0', '0']","Ensuring that equitable COVID-19 vaccine dose allocation is considered before a county may be reverted to a more restrictive phase under the healthy Washington: Roadmap to recovery plan.","Gildon, Braun, Dozier, Holy, Honeyford, McCune, Muzzall, Warnick, Wilson, J., Wilson, L.","No Requester"
"EMERGENCY, STATE OF","Rule making, agency amending/repealing in response/relating to state of emergency, restricting","https://app.leg.wa.gov/billsummary?BillNumber=1381&Year=2021&Initiative=false","HB 1381","State Govt & T","['0', '0', '0', '0']","['0', '0', '0', '0']","['0', '0', '0', '0']","Limiting the governor's emergency powers, ensuring legislative balance of power, and regulating government agency emergency authority.","Kraft, Chase, Sutherland, Young, Walsh, McCaslin, Boehnke, Jacobsen, Orcutt, Klicker","No Requester"
"EMERGENCY, STATE OF","Rule making, by board of education, emergency waivers of private school hours/days requirements","https://app.leg.wa.gov/billsummary?BillNumber=1131&Year=2021&Initiative=false","Engrossed - EHB 1131","8 L 21","['1', '1', '1', '1']","['1', '1', '1', '1']","['1', '1', '1', '1']","Concerning the emergency waiver of instructional hours and days at private schools.","Rude, Callan","State Board of Education"
"EMERGENCY, STATE OF","Rule making, during state of emergency, agencies restricted to executing certain provisions","https://app.leg.wa.gov/billsummary?BillNumber=1381&Year=2021&Initiative=false","HB 1381","State Govt & T","['0', '0', '0', '0']","['0', '0', '0', '0']","['0', '0', '0', '0']","Limiting the governor's emergency powers, ensuring legislative balance of power, and regulating government agency emergency authority.","Kraft, Chase, Sutherland, Young, Walsh, McCaslin, Boehnke, Jacobsen, Orcutt, Klicker","No Requester"
"EMERGENCY, STATE OF","Rule making, emergency, agency adoption in response/relating to state of emergency, prohibiting","https://app.leg.wa.gov/billsummary?BillNumber=1381&Year=2021&Initiative=false","HB 1381","State Govt & T","['0', '0', '0', '0']","['0', '0', '0', '0']","['0', '0', '0', '0']","Limiting the governor's emergency powers, ensuring legislative balance of power, and regulating government agency emergency authority.","Kraft, Chase, Sutherland, Young, Walsh, McCaslin, Boehnke, Jacobsen, Orcutt, Klicker","No Requester"
"EMERGENCY, STATE OF","Rule making, emergency, duration and adoption in sequence, and role of legislature","https://app.leg.wa.gov/billsummary?BillNumber=1158&Year=2021&Initiative=false","HB 1158","State Govt & T","['0', '0', '0', '0']","['0', '0', '0', '0']","['0', '0', '0', '0']","Limiting unilateral actions by the executive branch in emergencies.","Eslick, Ybarra, Dent, Sutherland","No Requester"
"EMERGENCY, STATE OF","Rule making, emergency, duration and oral comment hearing","https://app.leg.wa.gov/billsummary?BillNumber=1029&Year=2021&Initiative=false","HB 1029","State Govt & T","['0', '0', '0', '0']","['0', '0', '0', '0']","['0', '0', '0', '0']","Concerning orders and rules during a state of emergency.","Walsh, Klippert, Boehnke, Eslick, Young, Graham, Kraft, Barkis, Sutherland","No Requester"
"EMERGENCY, STATE OF","Rule making, emergency, limitations due to education modality metrics","https://app.leg.wa.gov/billsummary?BillNumber=5037&Year=2021&Initiative=false","SB 5037","EL/K-12","['0', '0', '0', '0']","['0', '0', '0', '0']","['0', '0', '0', '0']","Establishing transparent school opening metrics tied to COVID-19 prevalence.","Braun, Mullet, Brown, Dozier, Holy, King, Schoesler, Wagoner, Wilson, L.","No Requester"
"EMERGENCY, STATE OF","Rule making, to enforce emergency order, health-related measures in, right to decline","https://app.leg.wa.gov/billsummary?BillNumber=1317&Year=2021&Initiative=false","HB 1317","HC/Wellness","['0', '0', '0', '0']","['0', '0', '0', '0']","['0', '0', '0', '0']","Concerning an individual's right to refuse health-related measures.","Young, Kraft, Chase, Sutherland","No Requester"
"EMERGENCY, STATE OF","Rule making, to enforce emergency order, legislative approval before","https://app.leg.wa.gov/billsummary?BillNumber=5100&Year=2021&Initiative=false","SB 5100","State Govt & E","['0', '0', '0', '0']","['0', '0', '0', '0']","['0', '0', '0', '0']","Prohibiting the adoption of rules for the enforcement of gubernatorial emergency orders without legislative approval.","Fortunato","No Requester"
"EMERGENCY, STATE OF","Safety/health, new requirements during emergency, safety grant program for employers","https://app.leg.wa.gov/billsummary?BillNumber=5090&Year=2021&Initiative=false","SB 5090","Labor, Comm &","['0', '0', '0', '0']","['0', '0', '0', '0']","['0', '0', '0', '0']","Increasing worker protections.","Keiser, Conway, Liias, Lovelett, Nguyen, Saldaña, Stanford, Wilson, C.","Office of the Governor"
"EMERGENCY, STATE OF","Senate, floor and committee action, emergency parliamentary rules","https://app.leg.wa.gov/billsummary?BillNumber=8601&Year=2021&Initiative=false","SR 8601","Adopted","['1', '1', '1', '1']","Adopting the senate's emergency parliamentary rules of the sixty-seventh legislature.","Liias","No Requester"
"EMERGENCY, STATE OF","Senate, floor and committee action, emergency parliamentary rules, amending","https://app.leg.wa.gov/billsummary?BillNumber=8630&Year=2021&Initiative=false","SR 8630","Adopted","['1', '1', '1', '1']","Amending Senate Resolution 8601 regarding the adoption of emergency parliamentary rules.","Pedersen","No Requester"
"EMERGENCY, STATE OF","Senate, legislative session rules/procedures, for remote participation, adoption process","https://app.leg.wa.gov/billsummary?BillNumber=8600&Year=2021&Initiative=false","SR 8600","Adopted","['1', '1', '1', '1']","Adopting the permanent rules of the senate.","Liias","No Requester"
"EMERGENCY, STATE OF","Vaccination, COVID-19 vaccination documents, forged/falsified, possession/use of, misdemeanor/felony","https://app.leg.wa.gov/billsummary?BillNumber=5667&Year=2021&Initiative=false","SB 5667","Rules X","['0', '0', '0', '0']","['0', '0', '0', '0']","['0', '0', '0', '0']","Concerning the possession and use of forged and falsified COVID-19 vaccination documents.","Salomon, Hunt, Keiser, Mullet, Van De Wege, Wellman","No Requester"
"EMERGENCY, STATE OF","Vaccination, COVID-19 vaccination proof for access to public places, prohibiting government from requiring","https://app.leg.wa.gov/billsummary?BillNumber=1570&Year=2021&Initiative=false","HB 1570","HC/Wellness","['0', '0', '0', '0']","['0', '0', '0', '0']","['0', '0', '0', '0']","Prohibiting the government from requiring proof of vaccination to access public places.","Walsh, Volz, Abbarno, Boehnke, Caldier, Dent, Dufault, Graham, Jacobsen, Rude, Ybarra, Schmick, Orcutt, Klippert, Chase, Eslick, Klicker, McEntire, McCaslin, Chambers","No Requester"
"EMERGENCY, STATE OF","Vaccination, COVID-19 vaccine, employees terminated or who left work due to mandate, unemployment compensation","https://app.leg.wa.gov/billsummary?BillNumber=5864&Year=2021&Initiative=false","SB 5864","Labor, Comm &","['0', '0', '0', '0']","['0', '0', '0', '0']","['0', '0', '0', '0']","Concerning unemployment eligibility for certain unvaccinated employees.","Wilson, L., Dozier, Fortunato, Holy, Padden, Short, Wagoner, Wilson, J.","No Requester"
"EMERGENCY, STATE OF","Vaccination, COVID-19 vaccine, employees terminated or who resigned due to declining, restoring to employment","https://app.leg.wa.gov/billsummary?BillNumber=5680&Year=2021&Initiative=false","SB 5680","Labor, Comm &","['0', '0', '0', '0']","['0', '0', '0', '0']","['0', '0', '0', '0']","Restoring the jobs and volunteer positions of individuals who were terminated from employment despite exercising their personal medical and religious rights.","McCune, Fortunato, Padden, Short, Wagoner, Wilson, J., Wilson, L.","No Requester"
"EMERGENCY, STATE OF","Vaccination, COVID-19 vaccine, equitable dose allocation before reverting county to more restrictive Roadmap phase","https://app.leg.wa.gov/billsummary?BillNumber=5484&Year=2021&Initiative=false","SB 5484","State Govt & E","['0', '0', '0', '0']","['0', '0', '0', '0']","['0', '0', '0', '0']","Ensuring that equitable COVID-19 vaccine dose allocation is considered before a county may be reverted to a more restrictive phase under the healthy Washington: Roadmap to recovery plan.","Gildon, Braun, Dozier, Holy, Honeyford, McCune, Muzzall, Warnick, Wilson, J., Wilson, L.","No Requester"
"EMERGENCY, STATE OF","Vaccination, COVID-19 vaccine, exemption for employees with positive antibody test","https://app.leg.wa.gov/billsummary?BillNumber=5681&Year=2021&Initiative=false","SB 5681","Health & Long","['0', '0', '0', '0']","['0', '0', '0', '0']","['0', '0', '0', '0']","Concerning antibody tests for proof of natural immunity to novel coronavirus COVID-19.","McCune, Fortunato, Short, Wilson, J., Wilson, L.","No Requester"
"EMERGENCY, STATE OF","Vaccination, COVID-19 vaccine, freedom to choose whether to receive","https://app.leg.wa.gov/billsummary?BillNumber=5682&Year=2021&Initiative=false","SB 5682","Health & Long","['0', '0', '0', '0']","['0', '0', '0', '0']","['0', '0', '0', '0']","Protecting the freedom to choose whether to receive a COVID-19 vaccination.","McCune, Fortunato, Padden, Short, Wilson, J., Wilson, L.","No Requester"
"EMERGENCY, STATE OF","Vaccination, COVID-19 vaccine, if added to list of school-required vaccines, exempting child using DOH form","https://app.leg.wa.gov/billsummary?BillNumber=5682&Year=2021&Initiative=false","SB 5682","Health & Long","['0', '0', '0', '0']","['0', '0', '0', '0']","['0', '0', '0', '0']","Protecting the freedom to choose whether to receive a COVID-19 vaccination.","McCune, Fortunato, Padden, Short, Wilson, J., Wilson, L.","No Requester"
"EMERGENCY, STATE OF","Vaccination, COVID-19 vaccine, if added to school-required vaccines, nonbinding without district adoption","https://app.leg.wa.gov/billsummary?BillNumber=5777&Year=2021&Initiative=false","SB 5777","EL/K-12","['0', '0', '0', '0']","['0', '0', '0', '0']","['0', '0', '0', '0']","Addressing the vaccination for COVID-19 requirement for children attending schools or day care centers.","Braun, Brown, Dozier, Fortunato, Padden, Rivers, Schoesler, Short, Wagoner, Warnick, Wilson, J.","No Requester"
"EMERGENCY, STATE OF","Vaccination, COVID-19 vaccine, natural immunity verified by antibody test as alternative to proof of","https://app.leg.wa.gov/billsummary?BillNumber=5681&Year=2021&Initiative=false","SB 5681","Health & Long","['0', '0', '0', '0']","['0', '0', '0', '0']","['0', '0', '0', '0']","Concerning antibody tests for proof of natural immunity to novel coronavirus COVID-19.","McCune, Fortunato, Short, Wilson, J., Wilson, L.","No Requester"
"EMERGENCY, STATE OF","Vaccination, COVID-19 vaccine, planning/preparing/deploying using freed-up federal coronavirus funds","https://app.leg.wa.gov/billsummary?BillNumber=5344&Year=2021&Initiative=false","SB 5344","Ways & Means","['0', '0', '0', '0']","['0', '0', '0', '0']","['0', '0', '0', '0']","Responding to the COVID-19 pandemic through state actions supported by federal funding.","Rolfes, Robinson, Billig, Dhingra, Nguyen, Nobles, Randall, Saldaña","No Requester"
"EMERGENCY, STATE OF","Vaccination, COVID-19 vaccine, prioritizing school teachers and classified/private school staff for receipt of","https://app.leg.wa.gov/billsummary?BillNumber=1420&Year=2021&Initiative=false","HB 1420","HC/Wellness","['0', '0', '0', '0']","['0', '0', '0', '0']","['0', '0', '0', '0']","Ensuring that critical school employees receive priority for receipt of the COVID-19 vaccine.","MacEwen, Rude, Johnson, J., Robertson, Jacobsen, Pollet","No Requester"
"EMERGENCY, STATE OF","Vaccination, COVID-19 vaccine, provider to inform patient of potential adverse reactions before administration","https://app.leg.wa.gov/billsummary?BillNumber=5836&Year=2021&Initiative=false","SB 5836","Health & Long","['0', '0', '0', '0']","['0', '0', '0', '0']","['0', '0', '0', '0']","Concerning informed consent for COVID-19 vaccines.","Fortunato, Wilson, L.","No Requester"
"EMERGENCY, STATE OF","Vaccination, COVID-19 vaccines, limiting new hospital information reporting duties to COVID patient care and","https://app.leg.wa.gov/billsummary?BillNumber=5420&Year=2021&Initiative=false","2nd Substitute - 2SSB 5420","Rules X","['0', '0', '0', '0']","['0', '0', '0', '0']","['0', '0', '0', '0']","Concerning data reporting requirements for hospitals.","Muzzall, Schoesler, Warnick","No Requester"
"EMERGENCY, STATE OF","Vaccination, law/rule/order requiring receipt of, prohibitions and exemption","https://app.leg.wa.gov/billsummary?BillNumber=1065&Year=2021&Initiative=false","HB 1065","HC/Wellness","['0', '0', '0', '0']","['0', '0', '0', '0']","['0', '0', '0', '0']","Concerning epidemic or pandemic vaccines.","Eslick, Young","No Requester"
"EMERGENCY, STATE OF","Vaccination, obligations waiver or suspension requiring, prohibition","https://app.leg.wa.gov/billsummary?BillNumber=1006&Year=2021&Initiative=false","HB 1006","HC/Wellness","['0', '0', '0', '0']","['0', '0', '0', '0']","['0', '0', '0', '0']","Protecting the right of every Washington resident to decline an immunization or vaccination based on religion or conscience.","Klippert, Eslick, Dent, Caldier, Young, Graham, Rude, Sutherland","No Requester"
"EMERGENCY, STATE OF","Vaccination, right to decline, despite laws/rules/orders/directives addressing emergencies/diseases","https://app.leg.wa.gov/billsummary?BillNumber=1317&Year=2021&Initiative=false","HB 1317","HC/Wellness","['0', '0', '0', '0']","['0', '0', '0', '0']","['0', '0', '0', '0']","Concerning an individual's right to refuse health-related measures.","Young, Kraft, Chase, Sutherland","No Requester"
"EMERGENCY, STATE OF","Vaccination, role of emergency medical technicians via collaborative care with public health agencies","https://app.leg.wa.gov/billsummary?BillNumber=5754&Year=2021&Initiative=false","SB 5754","Health & Long","['0', '0', '0', '0']","['0', '0', '0', '0']","['0', '0', '0', '0']","Allowing emergency medical technicians to provide medical evaluation, testing, and vaccines outside of an emergency in response to a public health agency request.","Robinson, Cleveland, Nobles, Stanford, Wilson, C.","Department of Health"
"EMERGENCY, STATE OF","Vaccination, rule/ordinance/order/policy requiring receipt for COVID of, prohibiting","https://app.leg.wa.gov/billsummary?BillNumber=5144&Year=2021&Initiative=false","SB 5144","Health & Long","['0', '0', '0', '0']","['0', '0', '0', '0']","['0', '0', '0', '0']","Protecting the right of every Washington resident to decline an immunization or vaccination for COVID-19.","Ericksen, Fortunato, Short, Wagoner, Wilson, J.","No Requester"
"EMERGENCY, STATE OF","Vaccination, vaccination proof for access to public places, prohibiting government from requiring","https://app.leg.wa.gov/billsummary?BillNumber=5683&Year=2021&Initiative=false","SB 5683","Health & Long","['0', '0', '0', '0']","['0', '0', '0', '0']","['0', '0', '0', '0']","Prohibiting the government from requiring proof of vaccination to access public places.","McCune, Fortunato, Padden, Short, Wilson, J., Wilson, L.","No Requester"
"EMERGENCY, STATE OF","Vaccination, vaccine in limited supply, health care entity providing privileged access to, prohibiting","https://app.leg.wa.gov/billsummary?BillNumber=5418&Year=2021&Initiative=false","SB 5418","Health & Long","['0', '0', '0', '0']","['0', '0', '0', '0']","['0', '0', '0', '0']","Prohibiting privileged access to drugs or vaccines.","Billig, Kuderer, Conway, Darneille, Das, Frockt, Hasegawa, Hunt, Liias, Nguyen, Nobles, Randall, Saldaña, Stanford, Wellman, Wilson, C.","No Requester"
"EMERGENCY, STATE OF","Vaccination/antibody status, legislators, segregation of/discrimination against/privileged status for, prohibiting","https://app.leg.wa.gov/billsummary?BillNumber=1695&Year=2021&Initiative=false","HB 1695","State Govt & T","['0', '0', '0', '0']","['0', '0', '0', '0']","['0', '0', '0', '0']","Reforming the means by which the legislature establishes operating procedures.","Walsh, Sutherland, Klippert, McCaslin, McEntire, Kraft, Jacobsen, Young","No Requester"
"EMERGENCY, STATE OF","Washington rescue plan transition account, reenacting","https://app.leg.wa.gov/billsummary?BillNumber=5616&Year=2021&Initiative=false","2nd Substitute - 2SSB 5616","157 L 22","['1', '1', '1', '1']","['1', '1', '1', '1']","['1', '1', '1', '1']","Concerning accounts.","Rolfes","Office of Financial Management"
