"HEALTH AND SAFETY, PUBLIC","Alzheimer's disease/dementia, dementia action collaborative, establishing",https://app.leg.wa.gov/billsummary?BillNumber=1646&Year=2021&Initiative=false,Substitute - SHB 1646,120 L 22,"['1', '1', '1', '1']","['1', '1', '1', '1']","['1', '1', '1', '1']",Continuing the work of the dementia action collaborative.,"Bateman, Harris, Leavitt, Walen, Dolan, Bronoske, Callan, Eslick, Goodman, Macri, Simmons, Tharinger, Kloba, Stonier, Davis, Riccelli, Ormsby",No Requester
"HEALTH AND SAFETY, PUBLIC","Blood donation, including via apheresis, by persons age 16 or 17",https://app.leg.wa.gov/billsummary?BillNumber=5179&Year=2021&Initiative=false,Substitute - SSB 5179,16 L 21,"['1', '1', '1', '1']","['1', '1', '1', '1']","['1', '1', '1', '1']",Concerning blood donation.,"Liias, Rivers, Das, Randall, Wilson, C.",No Requester
"HEALTH AND SAFETY, PUBLIC","Bone marrow donation, awareness of, public school instruction in",https://app.leg.wa.gov/billsummary?BillNumber=5594&Year=2021&Initiative=false,Substitute - SSB 5594,Rules 3,"['0', '0', '0', '0']","['0', '0', '0', '0']","['0', '0', '0', '0']",Concerning public school instruction in awareness of bone marrow donation.,"Short, Wellman, Hasegawa, Padden, Wagoner",No Requester
"HEALTH AND SAFETY, PUBLIC","Breast implant surgery, informing patient and receiving informed consent for, physician requirements",https://app.leg.wa.gov/billsummary?BillNumber=5441&Year=2021&Initiative=false,2nd Engrossed Substitute - 2ESSB 5441,Rules 3,"['0', '0', '0', '0']","['0', '0', '0', '0']","['0', '0', '0', '0']",Concerning informed consent for breast implant surgery.,"Wellman, Cleveland, Das, Lovelett",No Requester
"HEALTH AND SAFETY, PUBLIC","Breast milk, donor human milk for inpatient use, coverage for",https://app.leg.wa.gov/billsummary?BillNumber=5702&Year=2021&Initiative=false,Engrossed 2nd Substitute - E2SSB 5702,236 L 22,"['1', '1', '1', '1']","['1', '1', '1', '1']","['1', '1', '1', '1']",Requiring coverage for donor breast milk.,"Trudeau, Dhingra, Lovelett, Lovick, Nguyen, Nobles, Randall, Saldaña, Stanford, Van De Wege, Wilson, C.",No Requester
"HEALTH AND SAFETY, PUBLIC","Breast milk, donor, for inpatient use, coverage for",https://app.leg.wa.gov/billsummary?BillNumber=5702&Year=2021&Initiative=false,Engrossed 2nd Substitute - E2SSB 5702,236 L 22,"['1', '1', '1', '1']","['1', '1', '1', '1']","['1', '1', '1', '1']",Requiring coverage for donor breast milk.,"Trudeau, Dhingra, Lovelett, Lovick, Nguyen, Nobles, Randall, Saldaña, Stanford, Van De Wege, Wilson, C.",No Requester
"HEALTH AND SAFETY, PUBLIC","Breast pumps/repair/parts/supplies, sales and use tax exemptions",https://app.leg.wa.gov/billsummary?BillNumber=1535&Year=2021&Initiative=false,HB 1535,Finance,"['0', '0', '0', '0']","['0', '0', '0', '0']","['0', '0', '0', '0']",Exempting family and household necessities from the sales and use tax.,"Stokesbary, Robertson, Dufault, Jacobsen, Sutherland, Walsh, Eslick, Harris-Talley",No Requester
"HEALTH AND SAFETY, PUBLIC","Cancer, biomarker testing prior authorization exemption for patients with, when",https://app.leg.wa.gov/billsummary?BillNumber=1689&Year=2021&Initiative=false,Engrossed Substitute - ESHB 1689,123 L 22,"['1', '1', '1', '1']","['1', '1', '1', '1']","['1', '1', '1', '1']",Exempting biomarker testing from prior authorization for patients with late stage cancer.,"Walen, Harris, Leavitt, Graham, Duerr, Davis, Slatter, Tharinger",No Requester
"HEALTH AND SAFETY, PUBLIC","Cancer, breast, high risk for, contralateral prophylactic mastectomies when, health plan coverage for",https://app.leg.wa.gov/billsummary?BillNumber=5906&Year=2021&Initiative=false,SB 5906,Health & Long,"['0', '0', '0', '0']","['0', '0', '0', '0']","['0', '0', '0', '0']",Concerning health plan coverage for contralateral prophylactic mastectomies.,"Cleveland, Rivers, Stanford, Wilson, L.",No Requester
"HEALTH AND SAFETY, PUBLIC","Cancer, breast, magnetic resonance imaging screening for, as adjunct to mammography, coverage for",https://app.leg.wa.gov/billsummary?BillNumber=5716&Year=2021&Initiative=false,SB 5716,Health & Long,"['0', '0', '0', '0']","['0', '0', '0', '0']","['0', '0', '0', '0']",Requiring coverage for magnetic resonance imaging for women at high risk of developing breast cancer.,"Brown, Dhingra, Braun, Dozier, Hasegawa, Kuderer, Randall, Rolfes, Saldaña, Trudeau, Van De Wege, Wellman, Wilson, J., Wilson, L.",No Requester
"HEALTH AND SAFETY, PUBLIC","Cancer, comprehensive private nonprofit center, public-private collaboration with higher education institution",https://app.leg.wa.gov/billsummary?BillNumber=1744&Year=2021&Initiative=false,Engrossed - EHB 1744,71 L 22,"['1', '1', '1', '1']","['1', '1', '1', '1']","['1', '1', '1', '1']",Concerning collaborative arrangements between institutions of higher education and nonprofit private entities that provide comprehensive cancer care.,"Dolan, Harris, Leavitt, Senn, Ryu, Johnson, J., Chambers, Davis, Macri, Corry, Tharinger, Valdez, Frame",No Requester
"HEALTH AND SAFETY, PUBLIC","Cancer, positive colorectal screening test for, colonoscopy due to, prohibiting insurance cost sharing for",https://app.leg.wa.gov/billsummary?BillNumber=1939&Year=2021&Initiative=false,HB 1939,HC/Wellness,"['0', '0', '0', '0']","['0', '0', '0', '0']","['0', '0', '0', '0']","Requiring health plans to cover, with no cost sharing, colonoscopies performed as a result of a positive screening.","Rude, Bronoske, Valdez, Riccelli, Ormsby, Pollet, Kloba",No Requester
"HEALTH AND SAFETY, PUBLIC","Cancer, research concerning, appropriation to Andy Hill cancer research endowment (CARE) fund for",https://app.leg.wa.gov/billsummary?BillNumber=5809&Year=2021&Initiative=false,SB 5809,Health & Long,"['0', '0', '0', '0']","['0', '0', '0', '0']","['0', '0', '0', '0']",Increasing the state's investment in cancer research to improve health outcomes and save lives.,"Brown, Braun, Conway, Dozier, Frockt, Honeyford, King, Warnick, Wilson, L.",No Requester
"HEALTH AND SAFETY, PUBLIC","Cancer, research concerning, increasing funding with modified vapor products excise tax structure",https://app.leg.wa.gov/billsummary?BillNumber=1676&Year=2021&Initiative=false,HB 1676,Finance,"['0', '0', '0', '0']","['0', '0', '0', '0']","['0', '0', '0', '0']",Using the taxation of vapor products to fund additional tobacco and vapor use prevention and cessation programs and services.,"Harris, Pollet, Leavitt, Ryu, Chopp, Senn, Duerr, Valdez, Callan, Cody, Macri, Wylie, Ramel, Bergquist, Gregerson, Riccelli, Bronoske",No Requester
"HEALTH AND SAFETY, PUBLIC","Cancer, terminal, extraordinary medical placements for offenders in dept. of corrections custody with, when",https://app.leg.wa.gov/billsummary?BillNumber=5684&Year=2021&Initiative=false,SB 5684,"Human Svcs, Re","['0', '0', '0', '0']","['0', '0', '0', '0']","['0', '0', '0', '0']",Concerning extraordinary medical placement for individuals at the department of corrections with terminal illnesses.,"McCune, Gildon, Wagoner",No Requester
"HEALTH AND SAFETY, PUBLIC","Cardiac and stroke emergencies, current system response for, evaluating",https://app.leg.wa.gov/billsummary?BillNumber=5821&Year=2021&Initiative=false,Substitute - SSB 5821,58 L 22,"['1', '1', '1', '1']","['1', '1', '1', '1']","['1', '1', '1', '1']",Evaluating the state's cardiac and stroke emergency response system.,"Rivers, Billig, Conway, Dhingra, Nobles, Stanford, Van De Wege, Wilson, C., Wilson, L.",No Requester
"HEALTH AND SAFETY, PUBLIC","Cognitive impairment, person with, when lacking capacity to provide informed consent for health care treatment",https://app.leg.wa.gov/billsummary?BillNumber=5185&Year=2021&Initiative=false,Substitute - SSB 5185,270 L 21,"['1', '1', '1', '1']","['1', '1', '1', '1']","['1', '1', '1', '1']",Concerning capacity to provide informed consent for health care decisions.,"Pedersen, Wilson, C.",No Requester
"HEALTH AND SAFETY, PUBLIC","Contraception, immediate postpartum, health insurers to pay separately for",https://app.leg.wa.gov/billsummary?BillNumber=1651&Year=2021&Initiative=false,HB 1651,122 L 22,"['1', '1', '1', '1']","['1', '1', '1', '1']","['1', '1', '1', '1']",Allowing providers to bill separately for immediate postpartum contraception.,"Thai, Macri, Bateman, Ryu, Berry, Ramel, Duerr, Valdez, Callan, Cody, Davis, Simmons, Bergquist, Kloba, Pollet, Frame, Harris-Talley, Taylor",No Requester
"HEALTH AND SAFETY, PUBLIC","Cosmetic products, marketed to women of color and with potentially harmful ingredients, plan for testing",https://app.leg.wa.gov/billsummary?BillNumber=5703&Year=2021&Initiative=false,2nd Substitute - 2SSB 5703,Rules 3,"['0', '0', '0', '0']","['0', '0', '0', '0']","['0', '0', '0', '0']",Concerning the use and disclosure of toxic chemicals in cosmetic products.,"Das, Cleveland, Kuderer, Lovelett, Nobles, Randall, Robinson, Rolfes, Saldaña, Stanford, Trudeau, Wellman, Wilson, C.",No Requester
"HEALTH AND SAFETY, PUBLIC","Cosmetic products, toxic chemicals in, prohibitions, and manufacturer information disclosure requirements",https://app.leg.wa.gov/billsummary?BillNumber=5703&Year=2021&Initiative=false,2nd Substitute - 2SSB 5703,Rules 3,"['0', '0', '0', '0']","['0', '0', '0', '0']","['0', '0', '0', '0']",Concerning the use and disclosure of toxic chemicals in cosmetic products.,"Das, Cleveland, Kuderer, Lovelett, Nobles, Randall, Robinson, Rolfes, Saldaña, Stanford, Trudeau, Wellman, Wilson, C.",No Requester
"HEALTH AND SAFETY, PUBLIC","COVID-19 pandemic, creating COVID-19 public health response account for statewide response to",https://app.leg.wa.gov/billsummary?BillNumber=5344&Year=2021&Initiative=false,SB 5344,Ways & Means,"['0', '0', '0', '0']","['0', '0', '0', '0']","['0', '0', '0', '0']",Responding to the COVID-19 pandemic through state actions supported by federal funding.,"Rolfes, Robinson, Billig, Dhingra, Nguyen, Nobles, Randall, Saldaña",No Requester
"HEALTH AND SAFETY, PUBLIC","COVID-19 pandemic, reenacting COVID-19 public health response account for statewide response to",https://app.leg.wa.gov/billsummary?BillNumber=5616&Year=2021&Initiative=false,2nd Substitute - 2SSB 5616,157 L 22,"['1', '1', '1', '1']","['1', '1', '1', '1']","['1', '1', '1', '1']",Concerning accounts.,Rolfes,Office of Financial Management
"HEALTH AND SAFETY, PUBLIC","COVID-19, acquired immunities to, DOT hiring or rehiring of maintenance/preservation employees with",https://app.leg.wa.gov/billsummary?BillNumber=1963&Year=2021&Initiative=false,HB 1963,HC/Wellness,"['0', '0', '0', '0']","['0', '0', '0', '0']","['0', '0', '0', '0']",Improving safety and preservation by allowing the Washington state department of transportation to either hire or rehire maintenance and preservation employees that have acquired immunities to COVID-19.,"McCaslin, McEntire, Eslick, Volz, Graham, Barkis, Young, Sutherland",No Requester
"HEALTH AND SAFETY, PUBLIC","COVID-19, health care provider use of ""known"" drug/biological product/mineral/vitamin remedies to prevent/treat/cure",https://app.leg.wa.gov/billsummary?BillNumber=2065&Year=2021&Initiative=false,HB 2065,HC/Wellness,"['0', '0', '0', '0']","['0', '0', '0', '0']","['0', '0', '0', '0']",Authorizing health care providers to use their professional judgment and known remedies in treating and preventing COVID-19.,"Kraft, Chase, Graham, Sutherland, Eslick",No Requester
"HEALTH AND SAFETY, PUBLIC","COVID-19, spread of, via fur farming and fur products manufacturing/production, prohibitions to reduce",https://app.leg.wa.gov/billsummary?BillNumber=1375&Year=2021&Initiative=false,HB 1375,"RDev, Ag&NR","['0', '0', '0', '0']","['0', '0', '0', '0']","['0', '0', '0', '0']",Protecting public health by prohibiting certain activities related to fur production.,"Walen, Fitzgibbon, Bateman, Pollet",No Requester
"HEALTH AND SAFETY, PUBLIC","COVID-19, spread of, via fur farming, fur products sale/trade/distribution prohibitions to reduce",https://app.leg.wa.gov/billsummary?BillNumber=5973&Year=2021&Initiative=false,SB 5973,Ag/Water/Natur,"['0', '0', '0', '0']","['0', '0', '0', '0']","['0', '0', '0', '0']",Concerning the unlawful trade of fur products.,Stanford,No Requester
"HEALTH AND SAFETY, PUBLIC","Crab, biotoxin contamination regulation of, department of health authority for",https://app.leg.wa.gov/billsummary?BillNumber=1508&Year=2021&Initiative=false,Substitute - SHB 1508,Rules 3C,"['0', '0', '0', '0']","['0', '0', '0', '0']","['0', '0', '0', '0']",Concerning the sanitary control of shellfish.,"Chapman, Pollet",No Requester
"HEALTH AND SAFETY, PUBLIC","Dementia, dementia action collaborative, establishing",https://app.leg.wa.gov/billsummary?BillNumber=1646&Year=2021&Initiative=false,Substitute - SHB 1646,120 L 22,"['1', '1', '1', '1']","['1', '1', '1', '1']","['1', '1', '1', '1']",Continuing the work of the dementia action collaborative.,"Bateman, Harris, Leavitt, Walen, Dolan, Bronoske, Callan, Eslick, Goodman, Macri, Simmons, Tharinger, Kloba, Stonier, Davis, Riccelli, Ormsby",No Requester
"HEALTH AND SAFETY, PUBLIC","Diabetes, insulin drugs, maximum insurance coverage enrollee payment for 30-day supply, reducing",https://app.leg.wa.gov/billsummary?BillNumber=5546&Year=2021&Initiative=false,Substitute - SSB 5546,10 L 22,"['1', '1', '1', '1']","['1', '1', '1', '1']","['1', '1', '1', '1']",Concerning insulin affordability.,"Keiser, Van De Wege, Cleveland, Conway, Frockt, Hasegawa, Hunt, Lovick, Nguyen, Pedersen, Randall, Stanford, Wilson, C.",No Requester
"HEALTH AND SAFETY, PUBLIC","Diabetes, insulin, maximum insurance enrollee 30-day supply cost, reducing",https://app.leg.wa.gov/billsummary?BillNumber=5546&Year=2021&Initiative=false,Substitute - SSB 5546,10 L 22,"['1', '1', '1', '1']","['1', '1', '1', '1']","['1', '1', '1', '1']",Concerning insulin affordability.,"Keiser, Van De Wege, Cleveland, Conway, Frockt, Hasegawa, Hunt, Lovick, Nguyen, Pedersen, Randall, Stanford, Wilson, C.",No Requester
"HEALTH AND SAFETY, PUBLIC","Diabetes, insulin, once-yearly emergency 30-day supply of, strategies for providing",https://app.leg.wa.gov/billsummary?BillNumber=5546&Year=2021&Initiative=false,Substitute - SSB 5546,10 L 22,"['1', '1', '1', '1']","['1', '1', '1', '1']","['1', '1', '1', '1']",Concerning insulin affordability.,"Keiser, Van De Wege, Cleveland, Conway, Frockt, Hasegawa, Hunt, Lovick, Nguyen, Pedersen, Randall, Stanford, Wilson, C.",No Requester
"HEALTH AND SAFETY, PUBLIC","Diabetes, insulin, total cost of insulin work group, expanding duties and extending expiration of",https://app.leg.wa.gov/billsummary?BillNumber=5546&Year=2021&Initiative=false,Substitute - SSB 5546,10 L 22,"['1', '1', '1', '1']","['1', '1', '1', '1']","['1', '1', '1', '1']",Concerning insulin affordability.,"Keiser, Van De Wege, Cleveland, Conway, Frockt, Hasegawa, Hunt, Lovick, Nguyen, Pedersen, Randall, Stanford, Wilson, C.",No Requester
"HEALTH AND SAFETY, PUBLIC","Diabetes, insulin, total cost of insulin work group, extending deadlines/expiration of",https://app.leg.wa.gov/billsummary?BillNumber=1728&Year=2021&Initiative=false,Substitute - SHB 1728,205 L 22,"['1', '1', '1', '1']","['1', '1', '1', '1']","['1', '1', '1', '1']",Reauthorizing and amending dates for the total cost of insulin work group.,"Maycumber, Cody, Callan, Eslick, Macri, Ramos, Griffey, Riccelli, Leavitt",Health Care Authority
"HEALTH AND SAFETY, PUBLIC","Dialysis device/dialysate manufacturers dispensing directly to patients, certain exemptions",https://app.leg.wa.gov/billsummary?BillNumber=5507&Year=2021&Initiative=false,SB 5507,Health & Long,"['0', '0', '0', '0']","['0', '0', '0', '0']","['0', '0', '0', '0']",Exempting a manufacturer of certain dialysate and dialysis devices used by home dialysis patients or a manufacturer's agent from the pharmacy practices act and legend drug act.,"Keiser, Muzzall, Lovick, Wilson, C.",No Requester
"HEALTH AND SAFETY, PUBLIC","Diapers, adult and baby, sales and use tax exemptions",https://app.leg.wa.gov/billsummary?BillNumber=5915&Year=2021&Initiative=false,SB 5915,Ways & Means,"['0', '0', '0', '0']","['0', '0', '0', '0']","['0', '0', '0', '0']",Providing a sales and use tax exemption for adult and baby diapers.,"Das, Trudeau, Brown, Conway, Hasegawa, Kuderer, Lovelett, Lovick, Nguyen, Stanford, Wagoner, Wilson, C., Wilson, L.",No Requester
"HEALTH AND SAFETY, PUBLIC","Diapers/diaper services, infant/toddler/child, sales and use tax exemptions",https://app.leg.wa.gov/billsummary?BillNumber=1535&Year=2021&Initiative=false,HB 1535,Finance,"['0', '0', '0', '0']","['0', '0', '0', '0']","['0', '0', '0', '0']",Exempting family and household necessities from the sales and use tax.,"Stokesbary, Robertson, Dufault, Jacobsen, Sutherland, Walsh, Eslick, Harris-Talley",No Requester
"HEALTH AND SAFETY, PUBLIC","Diapers/other necessities, for child under 3 years, monthly TANF payments to families for",https://app.leg.wa.gov/billsummary?BillNumber=5838&Year=2021&Initiative=false,Substitute - SSB 5838,100 L 22,"['1', '1', '1', '1']","['1', '1', '1', '1']","['1', '1', '1', '1']",Providing a monthly diaper subsidy for parents or other caregivers receiving temporary assistance for needy families.,"Nobles, Rivers, Das, Frockt, Hasegawa, Hunt, Kuderer, Lovelett, Nguyen, Robinson, Saldaña, Stanford, Trudeau, Wilson, C.",No Requester
"HEALTH AND SAFETY, PUBLIC","Disease/notifiable condition/public health threat information, personal identifying, disclosure exemption",https://app.leg.wa.gov/billsummary?BillNumber=1328&Year=2021&Initiative=false,HB 1328,Rules 3C,"['0', '0', '0', '0']","['0', '0', '0', '0']","['0', '0', '0', '0']",Exempting information gathered for controlling diseases from public inspecting requirements.,"Pollet, Ryu",Department of Health
"HEALTH AND SAFETY, PUBLIC","Diseases, contagious/infectious, involuntary quarantine/isolation/detention to control, prohibiting",https://app.leg.wa.gov/billsummary?BillNumber=2030&Year=2021&Initiative=false,HB 2030,HC/Wellness,"['0', '0', '0', '0']","['0', '0', '0', '0']","['0', '0', '0', '0']",Prohibiting the use of involuntary quarantine and isolation.,"Walsh, Klippert, Chase, Sutherland, Jacobsen, Eslick, Young",No Requester
"HEALTH AND SAFETY, PUBLIC","Diseases, rare, advisory council on, establishment and duties of",https://app.leg.wa.gov/billsummary?BillNumber=5886&Year=2021&Initiative=false,Substitute - SSB 5886,Rules 3,"['0', '0', '0', '0']","['0', '0', '0', '0']","['0', '0', '0', '0']",Creating an advisory council on rare diseases.,"Holy, Frockt, Keiser, Kuderer, Liias, Lovick, Muzzall, Nobles, Rivers, Rolfes, Stanford, Trudeau, Van De Wege, Warnick",No Requester
"HEALTH AND SAFETY, PUBLIC","Drowning, cold-water shock, due to jumping into waterways, preventing",https://app.leg.wa.gov/billsummary?BillNumber=5673&Year=2021&Initiative=false,Substitute - SSB 5673,Rules X,"['0', '0', '0', '0']","['0', '0', '0', '0']","['0', '0', '0', '0']",Installing signs on or near bridges to provide information to deter jumping.,"Braun, Dozier, Gildon, Liias, Mullet, Muzzall, Randall, Van De Wege, Wilson, J.",No Requester
"HEALTH AND SAFETY, PUBLIC","Epidemics/pandemics, local preparedness and response plans for, local health jurisdictions to develop/implement",https://app.leg.wa.gov/billsummary?BillNumber=1442&Year=2021&Initiative=false,HB 1442,HC/Wellness,"['0', '0', '0', '0']","['0', '0', '0', '0']","['0', '0', '0', '0']",Concerning epidemic and pandemic preparedness.,"Chase, Sutherland, Caldier, Schmick, Eslick, Kraft",No Requester
"HEALTH AND SAFETY, PUBLIC","Epidemics/pandemics, viral infections/severe disease prevention, health professionals committee, convening",https://app.leg.wa.gov/billsummary?BillNumber=1442&Year=2021&Initiative=false,HB 1442,HC/Wellness,"['0', '0', '0', '0']","['0', '0', '0', '0']","['0', '0', '0', '0']",Concerning epidemic and pandemic preparedness.,"Chase, Sutherland, Caldier, Schmick, Eslick, Kraft",No Requester
"HEALTH AND SAFETY, PUBLIC","Epilepsy/seizure disorders, students with, health plans and parent-designated adults for",https://app.leg.wa.gov/billsummary?BillNumber=1085&Year=2021&Initiative=false,Substitute - SHB 1085,29 L 21,"['1', '1', '1', '1']","['1', '1', '1', '1']","['1', '1', '1', '1']",Promoting a safe learning environment for students with seizure disorders.,"Kloba, Vick, Volz, Leavitt, Ramel, Hoff, Graham, Chopp, Lovick, Stokesbary, Pollet",No Requester
"HEALTH AND SAFETY, PUBLIC","Fertility services, health plan coverage for",https://app.leg.wa.gov/billsummary?BillNumber=5647&Year=2021&Initiative=false,SB 5647,Health & Long,"['0', '0', '0', '0']","['0', '0', '0', '0']","['0', '0', '0', '0']",Concerning fertility services.,"Robinson, Dhingra, Frockt, Hunt, Keiser, Liias, Lovick, Pedersen, Randall, Saldaña, Stanford, Van De Wege, Wilson, C.",No Requester
"HEALTH AND SAFETY, PUBLIC","Fireworks, consumer, city or county limits or prohibition",https://app.leg.wa.gov/billsummary?BillNumber=1638&Year=2021&Initiative=false,Substitute - SHB 1638,Rules C,"['0', '0', '0', '0']","['0', '0', '0', '0']","['0', '0', '0', '0']",Concerning fireworks prohibitions adopted by cities or counties.,"McEntire, Fitzgibbon, Rude, Duerr, Walen, Cody, Paul, Kloba, Pollet",No Requester
"HEALTH AND SAFETY, PUBLIC","Fluoridation of drinking water, in public water systems, requirements",https://app.leg.wa.gov/billsummary?BillNumber=5587&Year=2021&Initiative=false,SB 5587,"Environment, E","['0', '0', '0', '0']","['0', '0', '0', '0']","['0', '0', '0', '0']",Concerning public health and fluoridation of drinking water.,"Van De Wege, Robinson, Randall, Rivers",No Requester
"HEALTH AND SAFETY, PUBLIC","Health care, selected laws/regulations, automatic waiver or suspension during state of emergency of",https://app.leg.wa.gov/billsummary?BillNumber=5178&Year=2021&Initiative=false,Engrossed Substitute - ESSB 5178,268 L 21,"['1', '1', '1', '1']","['1', '1', '1', '1']","['1', '1', '1', '1']",Establishing automatic waivers of select state health care laws to enable timely response by the health care system during a governor-declared statewide state of emergency.,"Cleveland, Muzzall, Wilson, C.",No Requester
"HEALTH AND SAFETY, PUBLIC","Health care, selected laws/regulations, timely consideration of waiver or suspension of, when",https://app.leg.wa.gov/billsummary?BillNumber=5178&Year=2021&Initiative=false,Engrossed Substitute - ESSB 5178,268 L 21,"['1', '1', '1', '1']","['1', '1', '1', '1']","['1', '1', '1', '1']",Establishing automatic waivers of select state health care laws to enable timely response by the health care system during a governor-declared statewide state of emergency.,"Cleveland, Muzzall, Wilson, C.",No Requester
"HEALTH AND SAFETY, PUBLIC","Health education, in schools, public health education advisory committee, convening",https://app.leg.wa.gov/billsummary?BillNumber=1149&Year=2021&Initiative=false,HB 1149,Education,"['0', '0', '0', '0']","['0', '0', '0', '0']","['0', '0', '0', '0']",Concerning the public health knowledge of students in public school.,"Pollet, Dolan, Ramel, Ormsby, Lekanoff, Goodman, Wicks, Valdez",No Requester
"HEALTH AND SAFETY, PUBLIC","Health education, in schools, public health knowledge/skills needed by students in grades 9-12",https://app.leg.wa.gov/billsummary?BillNumber=1149&Year=2021&Initiative=false,HB 1149,Education,"['0', '0', '0', '0']","['0', '0', '0', '0']","['0', '0', '0', '0']",Concerning the public health knowledge of students in public school.,"Pollet, Dolan, Ramel, Ormsby, Lekanoff, Goodman, Wicks, Valdez",No Requester
"HEALTH AND SAFETY, PUBLIC","Health equity account, creating for statewide sweetened beverage excise tax revenue",https://app.leg.wa.gov/billsummary?BillNumber=5371&Year=2021&Initiative=false,SB 5371,Health & Long,"['0', '0', '0', '0']","['0', '0', '0', '0']","['0', '0', '0', '0']",Funding public health services and health equity initiatives through a statewide sweetened beverage tax.,"Robinson, Carlyle, Conway, Dhingra, Pedersen, Saldaña",No Requester
"HEALTH AND SAFETY, PUBLIC","Health equity account, sweetened beverage tax revenues in, community advisory board for use of, creating",https://app.leg.wa.gov/billsummary?BillNumber=5371&Year=2021&Initiative=false,SB 5371,Health & Long,"['0', '0', '0', '0']","['0', '0', '0', '0']","['0', '0', '0', '0']",Funding public health services and health equity initiatives through a statewide sweetened beverage tax.,"Robinson, Carlyle, Conway, Dhingra, Pedersen, Saldaña",No Requester
"HEALTH AND SAFETY, PUBLIC","Health equity zones, identifying and creating",https://app.leg.wa.gov/billsummary?BillNumber=5052&Year=2021&Initiative=false,Engrossed 2nd Substitute - E2SSB 5052,262 L 21,"['1', '1', '1', '1']","['1', '1', '1', '1']","['1', '1', '1', '1']",Concerning the creation of health equity zones.,"Keiser, Randall, Cleveland, Conway, Das, Frockt, Hasegawa, Kuderer, Lovelett, Nguyen, Nobles, Robinson, Saldaña, Salomon, Wilson, C.",No Requester
"HEALTH AND SAFETY, PUBLIC","Health-related measures, right to decline, despite laws/rules/order/directives addressing emergencies/diseases",https://app.leg.wa.gov/billsummary?BillNumber=1317&Year=2021&Initiative=false,HB 1317,HC/Wellness,"['0', '0', '0', '0']","['0', '0', '0', '0']","['0', '0', '0', '0']",Concerning an individual's right to refuse health-related measures.,"Young, Kraft, Chase, Sutherland",No Requester
"HEALTH AND SAFETY, PUBLIC","HIV, antiviral drugs for, medicaid coverage when FDA-approved",https://app.leg.wa.gov/billsummary?BillNumber=5551&Year=2021&Initiative=false,SB 5551,Health & Long,"['0', '0', '0', '0']","['0', '0', '0', '0']","['0', '0', '0', '0']",Concerning medicaid coverage for HIV antiviral drugs.,"Randall, Liias, Billig, Das, Dhingra, Frockt, Keiser, Lovelett, Lovick, Mullet, Nguyen, Nobles, Pedersen, Saldaña, Stanford, Trudeau, Wilson, C.",No Requester
"HEALTH AND SAFETY, PUBLIC","Immunization, COVID-19 vaccination documents, forged/falsified, possession/use of, misdemeanor/felony",https://app.leg.wa.gov/billsummary?BillNumber=5667&Year=2021&Initiative=false,SB 5667,Rules X,"['0', '0', '0', '0']","['0', '0', '0', '0']","['0', '0', '0', '0']",Concerning the possession and use of forged and falsified COVID-19 vaccination documents.,"Salomon, Hunt, Keiser, Mullet, Van De Wege, Wellman",No Requester
"HEALTH AND SAFETY, PUBLIC","Immunization, COVID-19 vaccination proof for access to public places, prohibiting government from requiring",https://app.leg.wa.gov/billsummary?BillNumber=1570&Year=2021&Initiative=false,HB 1570,HC/Wellness,"['0', '0', '0', '0']","['0', '0', '0', '0']","['0', '0', '0', '0']",Prohibiting the government from requiring proof of vaccination to access public places.,"Walsh, Volz, Abbarno, Boehnke, Caldier, Dent, Dufault, Graham, Jacobsen, Rude, Ybarra, Schmick, Orcutt, Klippert, Chase, Eslick, Klicker, McEntire, McCaslin, Chambers",No Requester
"HEALTH AND SAFETY, PUBLIC","Immunization, COVID-19 vaccine, employees terminated or who left work due to mandate, unemployment compensation",https://app.leg.wa.gov/billsummary?BillNumber=5864&Year=2021&Initiative=false,SB 5864,"Labor, Comm &","['0', '0', '0', '0']","['0', '0', '0', '0']","['0', '0', '0', '0']",Concerning unemployment eligibility for certain unvaccinated employees.,"Wilson, L., Dozier, Fortunato, Holy, Padden, Short, Wagoner, Wilson, J.",No Requester
"HEALTH AND SAFETY, PUBLIC","Immunization, COVID-19 vaccine, employees terminated or who resigned due to declining, restoring to employment",https://app.leg.wa.gov/billsummary?BillNumber=5680&Year=2021&Initiative=false,SB 5680,"Labor, Comm &","['0', '0', '0', '0']","['0', '0', '0', '0']","['0', '0', '0', '0']",Restoring the jobs and volunteer positions of individuals who were terminated from employment despite exercising their personal medical and religious rights.,"McCune, Fortunato, Padden, Short, Wagoner, Wilson, J., Wilson, L.",No Requester
"HEALTH AND SAFETY, PUBLIC","Immunization, COVID-19 vaccine, equitable dose allocation before reverting county to more restrictive Roadmap phase",https://app.leg.wa.gov/billsummary?BillNumber=5484&Year=2021&Initiative=false,SB 5484,State Govt & E,"['0', '0', '0', '0']","['0', '0', '0', '0']","['0', '0', '0', '0']",Ensuring that equitable COVID-19 vaccine dose allocation is considered before a county may be reverted to a more restrictive phase under the healthy Washington: Roadmap to recovery plan.,"Gildon, Braun, Dozier, Holy, Honeyford, McCune, Muzzall, Warnick, Wilson, J., Wilson, L.",No Requester
"HEALTH AND SAFETY, PUBLIC","Immunization, COVID-19 vaccine, exemption for employees with positive antibody test",https://app.leg.wa.gov/billsummary?BillNumber=5681&Year=2021&Initiative=false,SB 5681,Health & Long,"['0', '0', '0', '0']","['0', '0', '0', '0']","['0', '0', '0', '0']",Concerning antibody tests for proof of natural immunity to novel coronavirus COVID-19.,"McCune, Fortunato, Short, Wilson, J., Wilson, L.",No Requester
"HEALTH AND SAFETY, PUBLIC","Immunization, COVID-19 vaccine, freedom to choose whether to receive",https://app.leg.wa.gov/billsummary?BillNumber=5682&Year=2021&Initiative=false,SB 5682,Health & Long,"['0', '0', '0', '0']","['0', '0', '0', '0']","['0', '0', '0', '0']",Protecting the freedom to choose whether to receive a COVID-19 vaccination.,"McCune, Fortunato, Padden, Short, Wilson, J., Wilson, L.",No Requester
"HEALTH AND SAFETY, PUBLIC","Immunization, COVID-19 vaccine, if added to list of school-required vaccines, exempting child using DOH form",https://app.leg.wa.gov/billsummary?BillNumber=5682&Year=2021&Initiative=false,SB 5682,Health & Long,"['0', '0', '0', '0']","['0', '0', '0', '0']","['0', '0', '0', '0']",Protecting the freedom to choose whether to receive a COVID-19 vaccination.,"McCune, Fortunato, Padden, Short, Wilson, J., Wilson, L.",No Requester
"HEALTH AND SAFETY, PUBLIC","Immunization, COVID-19 vaccine, if added to school-required vaccines, nonbinding without district adoption",https://app.leg.wa.gov/billsummary?BillNumber=5777&Year=2021&Initiative=false,SB 5777,EL/K-12,"['0', '0', '0', '0']","['0', '0', '0', '0']","['0', '0', '0', '0']",Addressing the vaccination for COVID-19 requirement for children attending schools or day care centers.,"Braun, Brown, Dozier, Fortunato, Padden, Rivers, Schoesler, Short, Wagoner, Warnick, Wilson, J.",No Requester
"HEALTH AND SAFETY, PUBLIC","Immunization, COVID-19 vaccine, immune protection from recovery from COVID-19 as at least as protective as",https://app.leg.wa.gov/billsummary?BillNumber=1680&Year=2021&Initiative=false,HB 1680,HC/Wellness,"['0', '0', '0', '0']","['0', '0', '0', '0']","['0', '0', '0', '0']",Recognizing the lasting immune protection resulting from recovery from COVID-19.,"Klippert, Graham, Chase, McCaslin, Sutherland, Kraft, Young",No Requester
"HEALTH AND SAFETY, PUBLIC","Immunization, COVID-19 vaccine, natural immunity verified by antibody test as alternative to proof of",https://app.leg.wa.gov/billsummary?BillNumber=5681&Year=2021&Initiative=false,SB 5681,Health & Long,"['0', '0', '0', '0']","['0', '0', '0', '0']","['0', '0', '0', '0']",Concerning antibody tests for proof of natural immunity to novel coronavirus COVID-19.,"McCune, Fortunato, Short, Wilson, J., Wilson, L.",No Requester
"HEALTH AND SAFETY, PUBLIC","Immunization, COVID-19 vaccine, planning/preparing/deploying using freed-up federal coronavirus funds",https://app.leg.wa.gov/billsummary?BillNumber=5344&Year=2021&Initiative=false,SB 5344,Ways & Means,"['0', '0', '0', '0']","['0', '0', '0', '0']","['0', '0', '0', '0']",Responding to the COVID-19 pandemic through state actions supported by federal funding.,"Rolfes, Robinson, Billig, Dhingra, Nguyen, Nobles, Randall, Saldaña",No Requester
"HEALTH AND SAFETY, PUBLIC","Immunization, COVID-19 vaccine, prioritizing school teachers and classified/private school staff for receipt of",https://app.leg.wa.gov/billsummary?BillNumber=1420&Year=2021&Initiative=false,HB 1420,HC/Wellness,"['0', '0', '0', '0']","['0', '0', '0', '0']","['0', '0', '0', '0']",Ensuring that critical school employees receive priority for receipt of the COVID-19 vaccine.,"MacEwen, Rude, Johnson, J., Robertson, Jacobsen, Pollet",No Requester
"HEALTH AND SAFETY, PUBLIC","Immunization, COVID-19 vaccine, provider to inform patient of potential adverse reactions before administration",https://app.leg.wa.gov/billsummary?BillNumber=5836&Year=2021&Initiative=false,SB 5836,Health & Long,"['0', '0', '0', '0']","['0', '0', '0', '0']","['0', '0', '0', '0']",Concerning informed consent for COVID-19 vaccines.,"Fortunato, Wilson, L.",No Requester
"HEALTH AND SAFETY, PUBLIC","Immunization, COVID-19 vaccines, limiting new hospital information reporting duties to COVID patient care and",https://app.leg.wa.gov/billsummary?BillNumber=5420&Year=2021&Initiative=false,2nd Substitute - 2SSB 5420,Rules X,"['0', '0', '0', '0']","['0', '0', '0', '0']","['0', '0', '0', '0']",Concerning data reporting requirements for hospitals.,"Muzzall, Schoesler, Warnick",No Requester
"HEALTH AND SAFETY, PUBLIC","Immunization, law/rule/order requiring receipt of, exemption when medical/philosophical/religious objection",https://app.leg.wa.gov/billsummary?BillNumber=1065&Year=2021&Initiative=false,HB 1065,HC/Wellness,"['0', '0', '0', '0']","['0', '0', '0', '0']","['0', '0', '0', '0']",Concerning epidemic or pandemic vaccines.,"Eslick, Young",No Requester
"HEALTH AND SAFETY, PUBLIC","Immunization, law/rule/order requiring receipt of, prohibiting unless conditions met",https://app.leg.wa.gov/billsummary?BillNumber=1065&Year=2021&Initiative=false,HB 1065,HC/Wellness,"['0', '0', '0', '0']","['0', '0', '0', '0']","['0', '0', '0', '0']",Concerning epidemic or pandemic vaccines.,"Eslick, Young",No Requester
"HEALTH AND SAFETY, PUBLIC","Immunization, of school-age children, program for, modifying provisions",https://app.leg.wa.gov/billsummary?BillNumber=1968&Year=2021&Initiative=false,HB 1968,Education,"['0', '0', '0', '0']","['0', '0', '0', '0']","['0', '0', '0', '0']",Preserving medical autonomy in schools and promoting local authority.,"Klippert, Graham",No Requester
"HEALTH AND SAFETY, PUBLIC","Immunization, right to decline, despite laws/rules/orders/directives addressing emergencies/diseases",https://app.leg.wa.gov/billsummary?BillNumber=1317&Year=2021&Initiative=false,HB 1317,HC/Wellness,"['0', '0', '0', '0']","['0', '0', '0', '0']","['0', '0', '0', '0']",Concerning an individual's right to refuse health-related measures.,"Young, Kraft, Chase, Sutherland",No Requester
"HEALTH AND SAFETY, PUBLIC","Immunization, right to decline, religious/philosophical/personal objections",https://app.leg.wa.gov/billsummary?BillNumber=1006&Year=2021&Initiative=false,HB 1006,HC/Wellness,"['0', '0', '0', '0']","['0', '0', '0', '0']","['0', '0', '0', '0']",Protecting the right of every Washington resident to decline an immunization or vaccination based on religion or conscience.,"Klippert, Eslick, Dent, Caldier, Young, Graham, Rude, Sutherland",No Requester
"HEALTH AND SAFETY, PUBLIC","Immunization, role of emergency medical technicians via collaborative care with public health agencies",https://app.leg.wa.gov/billsummary?BillNumber=5754&Year=2021&Initiative=false,SB 5754,Health & Long,"['0', '0', '0', '0']","['0', '0', '0', '0']","['0', '0', '0', '0']","Allowing emergency medical technicians to provide medical evaluation, testing, and vaccines outside of an emergency in response to a public health agency request.","Robinson, Cleveland, Nobles, Stanford, Wilson, C.",Department of Health
"HEALTH AND SAFETY, PUBLIC","Immunization, rule/ordinance/order/policy requiring receipt for COVID of, prohibiting",https://app.leg.wa.gov/billsummary?BillNumber=5144&Year=2021&Initiative=false,SB 5144,Health & Long,"['0', '0', '0', '0']","['0', '0', '0', '0']","['0', '0', '0', '0']",Protecting the right of every Washington resident to decline an immunization or vaccination for COVID-19.,"Ericksen, Fortunato, Short, Wagoner, Wilson, J.",No Requester
"HEALTH AND SAFETY, PUBLIC","Immunization, vaccination proof for access to public places, prohibiting government from requiring",https://app.leg.wa.gov/billsummary?BillNumber=5683&Year=2021&Initiative=false,SB 5683,Health & Long,"['0', '0', '0', '0']","['0', '0', '0', '0']","['0', '0', '0', '0']",Prohibiting the government from requiring proof of vaccination to access public places.,"McCune, Fortunato, Padden, Short, Wilson, J., Wilson, L.",No Requester
"HEALTH AND SAFETY, PUBLIC","Immunization, vaccine in limited supply, health care entity providing privileged access to, prohibiting",https://app.leg.wa.gov/billsummary?BillNumber=5418&Year=2021&Initiative=false,SB 5418,Health & Long,"['0', '0', '0', '0']","['0', '0', '0', '0']","['0', '0', '0', '0']",Prohibiting privileged access to drugs or vaccines.,"Billig, Kuderer, Conway, Darneille, Das, Frockt, Hasegawa, Hunt, Liias, Nguyen, Nobles, Randall, Saldaña, Stanford, Wellman, Wilson, C.",No Requester
"HEALTH AND SAFETY, PUBLIC","Immunization/antibody status, legislators, segregation of/discrimination against/privileged status for, prohibiting",https://app.leg.wa.gov/billsummary?BillNumber=1695&Year=2021&Initiative=false,HB 1695,State Govt & T,"['0', '0', '0', '0']","['0', '0', '0', '0']","['0', '0', '0', '0']",Reforming the means by which the legislature establishes operating procedures.,"Walsh, Sutherland, Klippert, McCaslin, McEntire, Kraft, Jacobsen, Young",No Requester
"HEALTH AND SAFETY, PUBLIC","Immunizations, minimum required for schools/day care centers, prohibiting board of health from establishing",https://app.leg.wa.gov/billsummary?BillNumber=1968&Year=2021&Initiative=false,HB 1968,Education,"['0', '0', '0', '0']","['0', '0', '0', '0']","['0', '0', '0', '0']",Preserving medical autonomy in schools and promoting local authority.,"Klippert, Graham",No Requester
"HEALTH AND SAFETY, PUBLIC","Insulin, purchase and distribution of, health care authority partnerships for",https://app.leg.wa.gov/billsummary?BillNumber=5203&Year=2021&Initiative=false,Engrossed Substitute - ESSB 5203,274 L 21,"['1', '1', '1', '1']","['1', '1', '1', '1']","['1', '1', '1', '1']","Producing, distributing, and purchasing generic prescription drugs.","Van De Wege, Carlyle, Frockt, Hasegawa, Keiser, Liias, Nguyen, Randall, Robinson, Salomon, Stanford, Wilson, C.",No Requester
"HEALTH AND SAFETY, PUBLIC","Kratom, mitragynine and 7-hydroxymitragynine, as controlled substances, designating",https://app.leg.wa.gov/billsummary?BillNumber=5743&Year=2021&Initiative=false,SB 5743,Law & Justice,"['0', '0', '0', '0']","['0', '0', '0', '0']","['0', '0', '0', '0']",Designating kratom as a controlled substance.,Honeyford,No Requester
"HEALTH AND SAFETY, PUBLIC","Kratom, processor prohibitions, Washington kratom consumer protection act",https://app.leg.wa.gov/billsummary?BillNumber=5941&Year=2021&Initiative=false,SB 5941,Law & Justice,"['0', '0', '0', '0']","['0', '0', '0', '0']","['0', '0', '0', '0']",Establishing the Washington kratom consumer protection act.,Honeyford,No Requester
"HEALTH AND SAFETY, PUBLIC","Latex gloves, in handling/preparation of food for sale, prohibiting use of",https://app.leg.wa.gov/billsummary?BillNumber=1698&Year=2021&Initiative=false,HB 1698,"RDev, Ag&NR","['0', '0', '0', '0']","['0', '0', '0', '0']","['0', '0', '0', '0']",Prohibiting latex gloves in the handling and preparation of food for sale to consumers.,"Shewmake, Ryu, Ramel, Peterson, Tharinger, Pollet, Harris-Talley",No Requester
"HEALTH AND SAFETY, PUBLIC","Lead, in school drinking water, sampling/testing at outlets, requirements",https://app.leg.wa.gov/billsummary?BillNumber=1139&Year=2021&Initiative=false,Engrossed 2nd Substitute - E2SHB 1139,154 L 21,"['1', '1', '1', '1']","['1', '1', '1', '1']","['1', '1', '1', '1']",Taking action to address lead in drinking water.,"Pollet, Callan, Berg, Dolan, Ryu, Leavitt, Bronoske, Ramel, Ramos, Lekanoff, Stonier, Ortiz-Self, Frame, Goodman, Rule, Bergquist, Berry, Wylie, Johnson, J., Taylor, Valdez",No Requester
"HEALTH AND SAFETY, PUBLIC","Mammography, supplement magnetic resonance imaging breast cancer screening as adjunct to",https://app.leg.wa.gov/billsummary?BillNumber=5716&Year=2021&Initiative=false,SB 5716,Health & Long,"['0', '0', '0', '0']","['0', '0', '0', '0']","['0', '0', '0', '0']",Requiring coverage for magnetic resonance imaging for women at high risk of developing breast cancer.,"Brown, Dhingra, Braun, Dozier, Hasegawa, Kuderer, Randall, Rolfes, Saldaña, Trudeau, Van De Wege, Wellman, Wilson, J., Wilson, L.",No Requester
"HEALTH AND SAFETY, PUBLIC","Medical status, legislators, segregation of/discrimination against/privileged status for, prohibiting",https://app.leg.wa.gov/billsummary?BillNumber=1695&Year=2021&Initiative=false,HB 1695,State Govt & T,"['0', '0', '0', '0']","['0', '0', '0', '0']","['0', '0', '0', '0']",Reforming the means by which the legislature establishes operating procedures.,"Walsh, Sutherland, Klippert, McCaslin, McEntire, Kraft, Jacobsen, Young",No Requester
"HEALTH AND SAFETY, PUBLIC","Milk banks, donor breast milk from, for inpatient use, coverage for",https://app.leg.wa.gov/billsummary?BillNumber=5702&Year=2021&Initiative=false,Engrossed 2nd Substitute - E2SSB 5702,236 L 22,"['1', '1', '1', '1']","['1', '1', '1', '1']","['1', '1', '1', '1']",Requiring coverage for donor breast milk.,"Trudeau, Dhingra, Lovelett, Lovick, Nguyen, Nobles, Randall, Saldaña, Stanford, Van De Wege, Wilson, C.",No Requester
"HEALTH AND SAFETY, PUBLIC","Milk banks, donor human milk from, for inpatient use, coverage for",https://app.leg.wa.gov/billsummary?BillNumber=5702&Year=2021&Initiative=false,Engrossed 2nd Substitute - E2SSB 5702,236 L 22,"['1', '1', '1', '1']","['1', '1', '1', '1']","['1', '1', '1', '1']",Requiring coverage for donor breast milk.,"Trudeau, Dhingra, Lovelett, Lovick, Nguyen, Nobles, Randall, Saldaña, Stanford, Van De Wege, Wilson, C.",No Requester
"HEALTH AND SAFETY, PUBLIC","Milk, donor breast milk for inpatient use, coverage for",https://app.leg.wa.gov/billsummary?BillNumber=5702&Year=2021&Initiative=false,Engrossed 2nd Substitute - E2SSB 5702,236 L 22,"['1', '1', '1', '1']","['1', '1', '1', '1']","['1', '1', '1', '1']",Requiring coverage for donor breast milk.,"Trudeau, Dhingra, Lovelett, Lovick, Nguyen, Nobles, Randall, Saldaña, Stanford, Van De Wege, Wilson, C.",No Requester
"HEALTH AND SAFETY, PUBLIC","Milk, donor human milk for inpatient use, coverage for",https://app.leg.wa.gov/billsummary?BillNumber=5702&Year=2021&Initiative=false,Engrossed 2nd Substitute - E2SSB 5702,236 L 22,"['1', '1', '1', '1']","['1', '1', '1', '1']","['1', '1', '1', '1']",Requiring coverage for donor breast milk.,"Trudeau, Dhingra, Lovelett, Lovick, Nguyen, Nobles, Randall, Saldaña, Stanford, Van De Wege, Wilson, C.",No Requester
"HEALTH AND SAFETY, PUBLIC","Musculoskeletal injuries, home office working practices related to, regulation of, prohibiting",https://app.leg.wa.gov/billsummary?BillNumber=1837&Year=2021&Initiative=false,Engrossed - EHB 1837,Rules 3C,"['0', '0', '0', '0']","['0', '0', '0', '0']","['0', '0', '0', '0']",Restoring the state's ability to address work-related musculoskeletal injuries.,"Bronoske, Ortiz-Self, Berry, Pollet",No Requester
"HEALTH AND SAFETY, PUBLIC","Musculoskeletal injuries, working practices related to, prohibition on regulating, repealing",https://app.leg.wa.gov/billsummary?BillNumber=1837&Year=2021&Initiative=false,Engrossed - EHB 1837,Rules 3C,"['0', '0', '0', '0']","['0', '0', '0', '0']","['0', '0', '0', '0']",Restoring the state's ability to address work-related musculoskeletal injuries.,"Bronoske, Ortiz-Self, Berry, Pollet",No Requester
"HEALTH AND SAFETY, PUBLIC","Newborn infants, screening test panel for, adding new disorder to, when",https://app.leg.wa.gov/billsummary?BillNumber=1749&Year=2021&Initiative=false,HB 1749,HC/Wellness,"['0', '0', '0', '0']","['0', '0', '0', '0']","['0', '0', '0', '0']",Concerning newborn screening.,"Thai, Stonier, Macri, Ryu, Dolan, Chopp, Wicks, Valdez, Pollet, Fitzgibbon, Ramel, Ortiz-Self, Davis, Slatter, Harris-Talley, Kloba",No Requester
"HEALTH AND SAFETY, PUBLIC","Oral health, fluoridation and unmet needs, oral health equity assessment in relation to, conducting",https://app.leg.wa.gov/billsummary?BillNumber=5587&Year=2021&Initiative=false,SB 5587,"Environment, E","['0', '0', '0', '0']","['0', '0', '0', '0']","['0', '0', '0', '0']",Concerning public health and fluoridation of drinking water.,"Van De Wege, Robinson, Randall, Rivers",No Requester
"HEALTH AND SAFETY, PUBLIC","Organ donors, living donor act, insurance coverage protections via",https://app.leg.wa.gov/billsummary?BillNumber=5003&Year=2021&Initiative=false,Substitute - SSB 5003,172 L 21,"['1', '1', '1', '1']","['1', '1', '1', '1']","['1', '1', '1', '1']",Enacting the living donor act.,"Keiser, Conway, Kuderer, Randall, Saldaña, Stanford, Wilson, C.",No Requester
"HEALTH AND SAFETY, PUBLIC","Organ transport vehicles, for time urgent organs, definition and requirements",https://app.leg.wa.gov/billsummary?BillNumber=5724&Year=2021&Initiative=false,SB 5724,Rules X,"['0', '0', '0', '0']","['0', '0', '0', '0']","['0', '0', '0', '0']",Concerning organ transport vehicles.,Mullet,No Requester
"HEALTH AND SAFETY, PUBLIC","Pandemics, statewide pandemic preparation and response task force, establishing, and creating account for",https://app.leg.wa.gov/billsummary?BillNumber=1340&Year=2021&Initiative=false,Substitute - SHB 1340,Approps,"['0', '0', '0', '0']","['0', '0', '0', '0']","['0', '0', '0', '0']",Concerning creation of the statewide pandemic preparation and response task force.,"Lovick, Harris, Fitzgibbon, Ryu, Taylor, Wicks, Dolan, Ramel, Valdez, Leavitt, Goodman, Johnson, J., Chopp, Orwall, Santos, Peterson, Gregerson, Shewmake, Davis, Ormsby, Berg, Bronoske, Duerr, Fey, Bateman, Lekanoff, Senn, Callan, Frame, Pollet, Harris-Talley, Macri",No Requester
"HEALTH AND SAFETY, PUBLIC","Pandemics, statewide pandemic response and recovery task force for after-action review, establishing",https://app.leg.wa.gov/billsummary?BillNumber=1340&Year=2021&Initiative=false,Substitute - SHB 1340,Approps,"['0', '0', '0', '0']","['0', '0', '0', '0']","['0', '0', '0', '0']",Concerning creation of the statewide pandemic preparation and response task force.,"Lovick, Harris, Fitzgibbon, Ryu, Taylor, Wicks, Dolan, Ramel, Valdez, Leavitt, Goodman, Johnson, J., Chopp, Orwall, Santos, Peterson, Gregerson, Shewmake, Davis, Ormsby, Berg, Bronoske, Duerr, Fey, Bateman, Lekanoff, Senn, Callan, Frame, Pollet, Harris-Talley, Macri",No Requester
"HEALTH AND SAFETY, PUBLIC","Pandemics/epidemics, local preparedness and response plans for, local health jurisdictions to develop/implement",https://app.leg.wa.gov/billsummary?BillNumber=1442&Year=2021&Initiative=false,HB 1442,HC/Wellness,"['0', '0', '0', '0']","['0', '0', '0', '0']","['0', '0', '0', '0']",Concerning epidemic and pandemic preparedness.,"Chase, Sutherland, Caldier, Schmick, Eslick, Kraft",No Requester
"HEALTH AND SAFETY, PUBLIC","Pandemics/epidemics, viral infections/severe disease prevention, health professionals committee, convening",https://app.leg.wa.gov/billsummary?BillNumber=1442&Year=2021&Initiative=false,HB 1442,HC/Wellness,"['0', '0', '0', '0']","['0', '0', '0', '0']","['0', '0', '0', '0']",Concerning epidemic and pandemic preparedness.,"Chase, Sutherland, Caldier, Schmick, Eslick, Kraft",No Requester
"HEALTH AND SAFETY, PUBLIC","Pathogens of epidemiological concern, each hospital to adopt policy regarding",https://app.leg.wa.gov/billsummary?BillNumber=1739&Year=2021&Initiative=false,HB 1739,207 L 22,"['1', '1', '1', '1']","['1', '1', '1', '1']","['1', '1', '1', '1']",Modernizing hospital policies related to pathogens of epidemiological concern.,"Maycumber, Cody, Ramos",No Requester
"HEALTH AND SAFETY, PUBLIC","Pathogens, gain-of-function research aiming to increase transmissibility/virulence of, prohibiting",https://app.leg.wa.gov/billsummary?BillNumber=5804&Year=2021&Initiative=false,SB 5804,Health & Long,"['0', '0', '0', '0']","['0', '0', '0', '0']","['0', '0', '0', '0']",Prohibiting gain-of-function research.,"Braun, Dozier, Rivers, Short, Warnick",No Requester
"HEALTH AND SAFETY, PUBLIC","Personal protective equipment, vendors of, database of, developing",https://app.leg.wa.gov/billsummary?BillNumber=5302&Year=2021&Initiative=false,Substitute - SSB 5302,Ways & Means,"['0', '0', '0', '0']","['0', '0', '0', '0']","['0', '0', '0', '0']",Establishing a personal protective equipment vendor database.,"Cleveland, Conway, Wilson, C.",No Requester
"HEALTH AND SAFETY, PUBLIC","Personal protective equipment, Washington producers of, website of/report about/tax exemptions for",https://app.leg.wa.gov/billsummary?BillNumber=1489&Year=2021&Initiative=false,HB 1489,Finance,"['0', '0', '0', '0']","['0', '0', '0', '0']","['0', '0', '0', '0']",Concerning locally manufactured personal protective equipment.,"Boehnke, Corry, Graham, Walen, Chandler, Leavitt, MacEwen, Orwall, Hoff, Chambers, Abbarno, Klicker, Lovick, Shewmake, Dent, Steele, Dufault, Slatter, Jacobsen, Schmick, Eslick, Young",No Requester
"HEALTH AND SAFETY, PUBLIC","Pregnancy, complications of, health care entity care prohibitions, prohibiting",https://app.leg.wa.gov/billsummary?BillNumber=5140&Year=2021&Initiative=false,Substitute - SSB 5140,235 L 21,"['1', '1', '1', '1']","['1', '1', '1', '1']","['1', '1', '1', '1']",Protecting pregnancy and miscarriage-related patient care.,"Kuderer, Frockt, Conway, Das, Dhingra, Hasegawa, Hunt, Lovelett, Randall, Saldaña, Stanford, Wellman, Wilson, C.",No Requester
"HEALTH AND SAFETY, PUBLIC","Pregnancy, ectopic, treatment for/miscarriage management, health care entity care prohibitions, prohibiting",https://app.leg.wa.gov/billsummary?BillNumber=5140&Year=2021&Initiative=false,Substitute - SSB 5140,235 L 21,"['1', '1', '1', '1']","['1', '1', '1', '1']","['1', '1', '1', '1']",Protecting pregnancy and miscarriage-related patient care.,"Kuderer, Frockt, Conway, Das, Dhingra, Hasegawa, Hunt, Lovelett, Randall, Saldaña, Stanford, Wellman, Wilson, C.",No Requester
"HEALTH AND SAFETY, PUBLIC","Public health agencies, emergency medical technicians providing collaborative care with",https://app.leg.wa.gov/billsummary?BillNumber=5754&Year=2021&Initiative=false,SB 5754,Health & Long,"['0', '0', '0', '0']","['0', '0', '0', '0']","['0', '0', '0', '0']","Allowing emergency medical technicians to provide medical evaluation, testing, and vaccines outside of an emergency in response to a public health agency request.","Robinson, Cleveland, Nobles, Stanford, Wilson, C.",Department of Health
"HEALTH AND SAFETY, PUBLIC","Public health measures, when infringing on any constitutional rights, prohibiting enforcement of",https://app.leg.wa.gov/billsummary?BillNumber=1442&Year=2021&Initiative=false,HB 1442,HC/Wellness,"['0', '0', '0', '0']","['0', '0', '0', '0']","['0', '0', '0', '0']",Concerning epidemic and pandemic preparedness.,"Chase, Sutherland, Caldier, Schmick, Eslick, Kraft",No Requester
"HEALTH AND SAFETY, PUBLIC","Public health services, foundational, account for, deposit of sweetened beverage excise tax revenues in",https://app.leg.wa.gov/billsummary?BillNumber=5371&Year=2021&Initiative=false,SB 5371,Health & Long,"['0', '0', '0', '0']","['0', '0', '0', '0']","['0', '0', '0', '0']",Funding public health services and health equity initiatives through a statewide sweetened beverage tax.,"Robinson, Carlyle, Conway, Dhingra, Pedersen, Saldaña",No Requester
"HEALTH AND SAFETY, PUBLIC","Public health services, foundational, comprehensive health services districts for, establishing and forming",https://app.leg.wa.gov/billsummary?BillNumber=1152&Year=2021&Initiative=false,Engrossed 2nd Substitute - E2SHB 1152,205 L 21,"['1', '1', '1', '1']","['1', '1', '1', '1']","['1', '1', '1', '1']",Supporting measures to create comprehensive public health districts.,"Riccelli, Leavitt, Stonier, Ormsby, Lekanoff, Pollet, Bronoske, Bateman",Office of the Governor
"HEALTH AND SAFETY, PUBLIC","Public health services, foundational, comprehensive public health districts for, creating",https://app.leg.wa.gov/billsummary?BillNumber=5173&Year=2021&Initiative=false,SB 5173,Health & Long,"['0', '0', '0', '0']","['0', '0', '0', '0']","['0', '0', '0', '0']",Supporting measures to create comprehensive public health districts.,"Robinson, Das, Dhingra, Frockt, Kuderer, Liias, Nobles, Saldaña, Wilson, C.",Office of the Governor
"HEALTH AND SAFETY, PUBLIC","Public health services, foundational, covered lives assessment funds to be used for",https://app.leg.wa.gov/billsummary?BillNumber=5149&Year=2021&Initiative=false,Substitute - SSB 5149,Ways & Means,"['0', '0', '0', '0']","['0', '0', '0', '0']","['0', '0', '0', '0']",Funding foundational public health services.,"Robinson, Das, Dhingra, Kuderer, Liias, Nobles, Saldaña, Wilson, C.",Office of the Governor
"HEALTH AND SAFETY, PUBLIC","Public health services, foundational, developing/recommending system for, work group for, creating",https://app.leg.wa.gov/billsummary?BillNumber=5173&Year=2021&Initiative=false,SB 5173,Health & Long,"['0', '0', '0', '0']","['0', '0', '0', '0']","['0', '0', '0', '0']",Supporting measures to create comprehensive public health districts.,"Robinson, Das, Dhingra, Frockt, Kuderer, Liias, Nobles, Saldaña, Wilson, C.",Office of the Governor
"HEALTH AND SAFETY, PUBLIC","Public health services, foundational, health districts for, and public health advisory, local, and community health advisory boards",https://app.leg.wa.gov/billsummary?BillNumber=1152&Year=2021&Initiative=false,Engrossed 2nd Substitute - E2SHB 1152,205 L 21,"['1', '1', '1', '1']","['1', '1', '1', '1']","['1', '1', '1', '1']",Supporting measures to create comprehensive public health districts.,"Riccelli, Leavitt, Stonier, Ormsby, Lekanoff, Pollet, Bronoske, Bateman",Office of the Governor
"HEALTH AND SAFETY, PUBLIC","Public health system and services, local boards of health and community health advisory boards, establishing",https://app.leg.wa.gov/billsummary?BillNumber=1152&Year=2021&Initiative=false,Engrossed 2nd Substitute - E2SHB 1152,205 L 21,"['1', '1', '1', '1']","['1', '1', '1', '1']","['1', '1', '1', '1']",Supporting measures to create comprehensive public health districts.,"Riccelli, Leavitt, Stonier, Ormsby, Lekanoff, Pollet, Bronoske, Bateman",Office of the Governor
"HEALTH AND SAFETY, PUBLIC","Public health system and services, public health advisory board, establishing",https://app.leg.wa.gov/billsummary?BillNumber=1152&Year=2021&Initiative=false,Engrossed 2nd Substitute - E2SHB 1152,205 L 21,"['1', '1', '1', '1']","['1', '1', '1', '1']","['1', '1', '1', '1']",Supporting measures to create comprehensive public health districts.,"Riccelli, Leavitt, Stonier, Ormsby, Lekanoff, Pollet, Bronoske, Bateman",Office of the Governor
"HEALTH AND SAFETY, PUBLIC","Public health, comprehensive health services districts for foundational services, establishing and forming",https://app.leg.wa.gov/billsummary?BillNumber=1152&Year=2021&Initiative=false,Engrossed 2nd Substitute - E2SHB 1152,205 L 21,"['1', '1', '1', '1']","['1', '1', '1', '1']","['1', '1', '1', '1']",Supporting measures to create comprehensive public health districts.,"Riccelli, Leavitt, Stonier, Ormsby, Lekanoff, Pollet, Bronoske, Bateman",Office of the Governor
"HEALTH AND SAFETY, PUBLIC","Public health, comprehensive health services districts, advisory committees for district health boards, establishing",https://app.leg.wa.gov/billsummary?BillNumber=1152&Year=2021&Initiative=false,Engrossed 2nd Substitute - E2SHB 1152,205 L 21,"['1', '1', '1', '1']","['1', '1', '1', '1']","['1', '1', '1', '1']",Supporting measures to create comprehensive public health districts.,"Riccelli, Leavitt, Stonier, Ormsby, Lekanoff, Pollet, Bronoske, Bateman",Office of the Governor
"HEALTH AND SAFETY, PUBLIC","Public health, comprehensive public health districts for foundational services, creating",https://app.leg.wa.gov/billsummary?BillNumber=5173&Year=2021&Initiative=false,SB 5173,Health & Long,"['0', '0', '0', '0']","['0', '0', '0', '0']","['0', '0', '0', '0']",Supporting measures to create comprehensive public health districts.,"Robinson, Das, Dhingra, Frockt, Kuderer, Liias, Nobles, Saldaña, Wilson, C.",Office of the Governor
"HEALTH AND SAFETY, PUBLIC","Public health, comprehensive public health districts, advisory committees for district health boards, establishing",https://app.leg.wa.gov/billsummary?BillNumber=5173&Year=2021&Initiative=false,SB 5173,Health & Long,"['0', '0', '0', '0']","['0', '0', '0', '0']","['0', '0', '0', '0']",Supporting measures to create comprehensive public health districts.,"Robinson, Das, Dhingra, Frockt, Kuderer, Liias, Nobles, Saldaña, Wilson, C.",Office of the Governor
"HEALTH AND SAFETY, PUBLIC","Quarantine, housing/rental assistance for persons in, revenue use for",https://app.leg.wa.gov/billsummary?BillNumber=1069&Year=2021&Initiative=false,Engrossed 2nd Substitute - E2SHB 1069,296 L 21,"['1', '1', '1', '1']","['1', '1', '1', '1']","['1', '1', '1', '1']",Concerning local government fiscal flexibility.,"Pollet, Duerr, Leavitt, Wylie, Tharinger, Kloba, Senn, Ryu, Callan, Fey",No Requester
"HEALTH AND SAFETY, PUBLIC","Quarantine, involuntary detention or isolation or, to control contagious/infectious disease, prohibiting",https://app.leg.wa.gov/billsummary?BillNumber=2030&Year=2021&Initiative=false,HB 2030,HC/Wellness,"['0', '0', '0', '0']","['0', '0', '0', '0']","['0', '0', '0', '0']",Prohibiting the use of involuntary quarantine and isolation.,"Walsh, Klippert, Chase, Sutherland, Jacobsen, Eslick, Young",No Requester
"HEALTH AND SAFETY, PUBLIC","Reproduction, assisted, false representation in, by persons/health care providers/entities, class C felony",https://app.leg.wa.gov/billsummary?BillNumber=1848&Year=2021&Initiative=false,HB 1848,Rules R,"['0', '0', '0', '0']","['0', '0', '0', '0']","['0', '0', '0', '0']",Concerning crimes concerning fraud in assisted reproduction.,"Orwall, Mosbrucker, Goodman, Graham",No Requester
"HEALTH AND SAFETY, PUBLIC","Reproduction, assisted, false representation in, by provider, class C felony",https://app.leg.wa.gov/billsummary?BillNumber=5348&Year=2021&Initiative=false,Substitute - SSB 5348,Rules X,"['0', '0', '0', '0']","['0', '0', '0', '0']","['0', '0', '0', '0']",Concerning assisted reproduction.,"Stanford, Dhingra, Hasegawa, Hunt, Salomon",No Requester
"HEALTH AND SAFETY, PUBLIC","Reproduction, assisted, false representation in, by provider, conceived child cause of civil action for",https://app.leg.wa.gov/billsummary?BillNumber=5348&Year=2021&Initiative=false,Substitute - SSB 5348,Rules X,"['0', '0', '0', '0']","['0', '0', '0', '0']","['0', '0', '0', '0']",Concerning assisted reproduction.,"Stanford, Dhingra, Hasegawa, Hunt, Salomon",No Requester
"HEALTH AND SAFETY, PUBLIC","Reproductive freedom, pregnant individual's right to choose or refuse to have abortion, provisions",https://app.leg.wa.gov/billsummary?BillNumber=5766&Year=2021&Initiative=false,SB 5766,Health & Long,"['0', '0', '0', '0']","['0', '0', '0', '0']","['0', '0', '0', '0']",Preserving a pregnant individual's ability to access abortion care.,"Randall, Trudeau, Billig, Cleveland, Das, Dhingra, Frockt, Hasegawa, Hunt, Kuderer, Lovelett, Mullet, Nguyen, Nobles, Pedersen, Robinson, Saldaña, Salomon, Stanford, Van De Wege, Wilson, C.",No Requester
"HEALTH AND SAFETY, PUBLIC","Reproductive health care, access to, provider organization acquisition impact on",https://app.leg.wa.gov/billsummary?BillNumber=5335&Year=2021&Initiative=false,SB 5335,Health & Long,"['0', '0', '0', '0']","['0', '0', '0', '0']","['0', '0', '0', '0']",Concerning the acquisition of health care facilities.,"Randall, Rolfes, Hasegawa, Nguyen, Nobles, Saldaña, Stanford, Wilson, C.",No Requester
"HEALTH AND SAFETY, PUBLIC","Reproductive health care, access to, when health entity material change transactions occur, requirements",https://app.leg.wa.gov/billsummary?BillNumber=5688&Year=2021&Initiative=false,SB 5688,Law & Justice,"['0', '0', '0', '0']","['0', '0', '0', '0']","['0', '0', '0', '0']",Concerning material changes to the operations and governance structure of participants in the health care marketplace.,"Randall, Rolfes, Das, Dhingra, Frockt, Hunt, Keiser, Lovelett, Nobles, Pedersen, Robinson, Saldaña, Salomon, Stanford, Trudeau, Wilson, C.",No Requester
"HEALTH AND SAFETY, PUBLIC","Reproductive material/gametes, provider implanting theirs into patient without consent, 3rd degree assault, class C felony",https://app.leg.wa.gov/billsummary?BillNumber=1848&Year=2021&Initiative=false,HB 1848,Rules R,"['0', '0', '0', '0']","['0', '0', '0', '0']","['0', '0', '0', '0']",Concerning crimes concerning fraud in assisted reproduction.,"Orwall, Mosbrucker, Goodman, Graham",No Requester
"HEALTH AND SAFETY, PUBLIC","Respiratory conditions, in children/teenagers, statewide home air quality improvement program, establishing",https://app.leg.wa.gov/billsummary?BillNumber=1291&Year=2021&Initiative=false,HB 1291,HC/Wellness,"['0', '0', '0', '0']","['0', '0', '0', '0']","['0', '0', '0', '0']",Establishing a statewide home air quality improvement program.,"Pollet, Ramel, Fitzgibbon, Orwall, Valdez, Ryu, Shewmake, Slatter",No Requester
"HEALTH AND SAFETY, PUBLIC","Scanners, body, at certain correctional facilities, pilot program",https://app.leg.wa.gov/billsummary?BillNumber=5695&Year=2021&Initiative=false,2nd Substitute - 2SSB 5695,160 L 22,"['1', '1', '1', '1']","['1', '1', '1', '1']","['1', '1', '1', '1']",Concerning the body scanner pilot program at the department of corrections.,"Dhingra, Wagoner, Brown, Gildon, Kuderer, Lovick, Mullet, Wellman, Wilson, C.",No Requester
"HEALTH AND SAFETY, PUBLIC","Scanners, full body, at each correctional facility, requirements",https://app.leg.wa.gov/billsummary?BillNumber=5646&Year=2021&Initiative=false,SB 5646,"Human Svcs, Re","['0', '0', '0', '0']","['0', '0', '0', '0']","['0', '0', '0', '0']",Requiring full body scanners at correctional facilities.,"Wagoner, Dhingra, Gildon, Lovick, Padden, Wilson, L.",No Requester
"HEALTH AND SAFETY, PUBLIC","Seizure disorders, students with, health plans and parent-designated adults for",https://app.leg.wa.gov/billsummary?BillNumber=1085&Year=2021&Initiative=false,Substitute - SHB 1085,29 L 21,"['1', '1', '1', '1']","['1', '1', '1', '1']","['1', '1', '1', '1']",Promoting a safe learning environment for students with seizure disorders.,"Kloba, Vick, Volz, Leavitt, Ramel, Hoff, Graham, Chopp, Lovick, Stokesbary, Pollet",No Requester
"HEALTH AND SAFETY, PUBLIC","Seizures/neurological symptoms/etc., children 18 or younger with, diagnostic services/genetic testing for",https://app.leg.wa.gov/billsummary?BillNumber=1346&Year=2021&Initiative=false,HB 1346,HC/Wellness,"['0', '0', '0', '0']","['0', '0', '0', '0']","['0', '0', '0', '0']","Concerning treatment and genetic testing for children with seizures, neurological symptoms, and other physical symptoms.","Sullivan, Lekanoff, Pollet",No Requester
"HEALTH AND SAFETY, PUBLIC","Sexual health education, comprehensive, sex trafficking, teaching how to prevent and avoid being recruited into",https://app.leg.wa.gov/billsummary?BillNumber=2016&Year=2021&Initiative=false,HB 2016,Education,"['0', '0', '0', '0']","['0', '0', '0', '0']","['0', '0', '0', '0']","Teaching students how to prevent, and avoid being recruited into, sex trafficking.","Morgan, Davis, Bergquist, Duerr, Peterson, Ryu, Valdez, Shewmake, Ormsby",No Requester
"HEALTH AND SAFETY, PUBLIC","Sexual health education, comprehensive, student participation in, written parental/guardian approval before",https://app.leg.wa.gov/billsummary?BillNumber=5805&Year=2021&Initiative=false,SB 5805,EL/K-12,"['0', '0', '0', '0']","['0', '0', '0', '0']","['0', '0', '0', '0']",Requiring parental or legal guardian approval before a child participates in comprehensive sexual health education.,"McCune, Padden, Wilson, L.",No Requester
"HEALTH AND SAFETY, PUBLIC","Sexual health education, in schools, comprehensive, compliance dates for, delaying",https://app.leg.wa.gov/billsummary?BillNumber=1422&Year=2021&Initiative=false,HB 1422,Education,"['0', '0', '0', '0']","['0', '0', '0', '0']","['0', '0', '0', '0']",Extending comprehensive sexual health education compliance dates by one year.,"MacEwen, Young, Jacobsen",No Requester
"HEALTH AND SAFETY, PUBLIC","Sexually transmitted diseases, furnishing of care for, raising age for consent of minor to 16 years of age for",https://app.leg.wa.gov/billsummary?BillNumber=2041&Year=2021&Initiative=false,HB 2041,HC/Wellness,"['0', '0', '0', '0']","['0', '0', '0', '0']","['0', '0', '0', '0']",Concerning greater consistency in the provision of health care services for minors under the age of 16.,"Walsh, Abbarno, Chase, McCaslin, Jacobsen, Sutherland, Eslick",No Requester
"HEALTH AND SAFETY, PUBLIC","Stress, secondary traumatic, in K-12 workforce, model policy/procedure to prevent/address",https://app.leg.wa.gov/billsummary?BillNumber=1363&Year=2021&Initiative=false,Substitute - SHB 1363,129 L 21,"['1', '1', '1', '1']","['1', '1', '1', '1']","['1', '1', '1', '1']",Addressing secondary trauma in the K-12 workforce.,"Ortiz-Self, Callan, Davis, Ramos, Simmons, Berg, Morgan, Bergquist, Harris-Talley, Pollet",No Requester
"HEALTH AND SAFETY, PUBLIC","Stroke and cardiac emergencies, current system response for, evaluating",https://app.leg.wa.gov/billsummary?BillNumber=5821&Year=2021&Initiative=false,Substitute - SSB 5821,58 L 22,"['1', '1', '1', '1']","['1', '1', '1', '1']","['1', '1', '1', '1']",Evaluating the state's cardiac and stroke emergency response system.,"Rivers, Billig, Conway, Dhingra, Nobles, Stanford, Van De Wege, Wilson, C., Wilson, L.",No Requester
"HEALTH AND SAFETY, PUBLIC","Surgical smoke evacuation account, creating",https://app.leg.wa.gov/billsummary?BillNumber=1779&Year=2021&Initiative=false,Substitute - SHB 1779,129 L 22,"['1', '1', '1', '1']","['1', '1', '1', '1']","['1', '1', '1', '1']",Requiring policies addressing surgical smoke.,"Callan, Bronoske, Sells, Dolan, Ramos",No Requester
"HEALTH AND SAFETY, PUBLIC","Surgical smoke, smoke evacuation systems for, using",https://app.leg.wa.gov/billsummary?BillNumber=1779&Year=2021&Initiative=false,Substitute - SHB 1779,129 L 22,"['1', '1', '1', '1']","['1', '1', '1', '1']","['1', '1', '1', '1']",Requiring policies addressing surgical smoke.,"Callan, Bronoske, Sells, Dolan, Ramos",No Requester
"HEALTH AND SAFETY, PUBLIC","Terminal illness, extraordinary medical placements for offenders in dept. of corrections custody with, when",https://app.leg.wa.gov/billsummary?BillNumber=5684&Year=2021&Initiative=false,SB 5684,"Human Svcs, Re","['0', '0', '0', '0']","['0', '0', '0', '0']","['0', '0', '0', '0']",Concerning extraordinary medical placement for individuals at the department of corrections with terminal illnesses.,"McCune, Gildon, Wagoner",No Requester
"HEALTH AND SAFETY, PUBLIC","Terminally ill patients, in health care facilities, right to have visitors",https://app.leg.wa.gov/billsummary?BillNumber=2117&Year=2021&Initiative=false,HB 2117,HC/Wellness,"['0', '0', '0', '0']","['0', '0', '0', '0']","['0', '0', '0', '0']",Ensuring a terminally ill patient's right to visitors.,"Chase, Sutherland, Chambers, Jacobsen, Eslick, Young",No Requester
"HEALTH AND SAFETY, PUBLIC","Traumatic brain injuries, head injury prevention program, reporting requirements",https://app.leg.wa.gov/billsummary?BillNumber=1039&Year=2021&Initiative=false,HB 1039,Transportation,"['0', '0', '0', '0']","['0', '0', '0', '0']","['0', '0', '0', '0']","Reporting on, updating, and expanding deployment of existing government programs that provide education on bicycle and pedestrian travel.","McCaslin, Kloba",No Requester
"HEALTH AND SAFETY, PUBLIC","Traumatic brain injuries, incarcerated individuals, educational accommodation",https://app.leg.wa.gov/billsummary?BillNumber=1044&Year=2021&Initiative=false,2nd Substitute - 2SHB 1044,200 L 21,"['1', '1', '1', '1']","['1', '1', '1', '1']","['1', '1', '1', '1']",Creating prison to postsecondary education pathways.,"Leavitt, Simmons, Johnson, J., Eslick, Lovick, Kloba, Lekanoff, Wylie, Bateman, Senn, Goodman, Bronoske, Valdez, Callan, Ramos, Hackney, Morgan, Ormsby, Fey, Frame, Santos, Davis, Pollet, Bergquist",No Requester
"HEALTH AND SAFETY, PUBLIC","Vaccination, COVID-19 vaccination documents, forged/falsified, possession/use of, misdemeanor/felony",https://app.leg.wa.gov/billsummary?BillNumber=5667&Year=2021&Initiative=false,SB 5667,Rules X,"['0', '0', '0', '0']","['0', '0', '0', '0']","['0', '0', '0', '0']",Concerning the possession and use of forged and falsified COVID-19 vaccination documents.,"Salomon, Hunt, Keiser, Mullet, Van De Wege, Wellman",No Requester
"HEALTH AND SAFETY, PUBLIC","Vaccination, COVID-19 vaccination proof for access to public places, prohibiting government from requiring",https://app.leg.wa.gov/billsummary?BillNumber=1570&Year=2021&Initiative=false,HB 1570,HC/Wellness,"['0', '0', '0', '0']","['0', '0', '0', '0']","['0', '0', '0', '0']",Prohibiting the government from requiring proof of vaccination to access public places.,"Walsh, Volz, Abbarno, Boehnke, Caldier, Dent, Dufault, Graham, Jacobsen, Rude, Ybarra, Schmick, Orcutt, Klippert, Chase, Eslick, Klicker, McEntire, McCaslin, Chambers",No Requester
"HEALTH AND SAFETY, PUBLIC","Vaccination, COVID-19 vaccine, employees terminated or who left work due to mandate, unemployment compensation",https://app.leg.wa.gov/billsummary?BillNumber=5864&Year=2021&Initiative=false,SB 5864,"Labor, Comm &","['0', '0', '0', '0']","['0', '0', '0', '0']","['0', '0', '0', '0']",Concerning unemployment eligibility for certain unvaccinated employees.,"Wilson, L., Dozier, Fortunato, Holy, Padden, Short, Wagoner, Wilson, J.",No Requester
"HEALTH AND SAFETY, PUBLIC","Vaccination, COVID-19 vaccine, employees terminated or who resigned due to declining, restoring to employment",https://app.leg.wa.gov/billsummary?BillNumber=5680&Year=2021&Initiative=false,SB 5680,"Labor, Comm &","['0', '0', '0', '0']","['0', '0', '0', '0']","['0', '0', '0', '0']",Restoring the jobs and volunteer positions of individuals who were terminated from employment despite exercising their personal medical and religious rights.,"McCune, Fortunato, Padden, Short, Wagoner, Wilson, J., Wilson, L.",No Requester
"HEALTH AND SAFETY, PUBLIC","Vaccination, COVID-19 vaccine, equitable dose allocation before reverting county to more restrictive Roadmap phase",https://app.leg.wa.gov/billsummary?BillNumber=5484&Year=2021&Initiative=false,SB 5484,State Govt & E,"['0', '0', '0', '0']","['0', '0', '0', '0']","['0', '0', '0', '0']",Ensuring that equitable COVID-19 vaccine dose allocation is considered before a county may be reverted to a more restrictive phase under the healthy Washington: Roadmap to recovery plan.,"Gildon, Braun, Dozier, Holy, Honeyford, McCune, Muzzall, Warnick, Wilson, J., Wilson, L.",No Requester
"HEALTH AND SAFETY, PUBLIC","Vaccination, COVID-19 vaccine, exemption for employees with positive antibody test",https://app.leg.wa.gov/billsummary?BillNumber=5681&Year=2021&Initiative=false,SB 5681,Health & Long,"['0', '0', '0', '0']","['0', '0', '0', '0']","['0', '0', '0', '0']",Concerning antibody tests for proof of natural immunity to novel coronavirus COVID-19.,"McCune, Fortunato, Short, Wilson, J., Wilson, L.",No Requester
"HEALTH AND SAFETY, PUBLIC","Vaccination, COVID-19 vaccine, freedom to choose whether to receive",https://app.leg.wa.gov/billsummary?BillNumber=5682&Year=2021&Initiative=false,SB 5682,Health & Long,"['0', '0', '0', '0']","['0', '0', '0', '0']","['0', '0', '0', '0']",Protecting the freedom to choose whether to receive a COVID-19 vaccination.,"McCune, Fortunato, Padden, Short, Wilson, J., Wilson, L.",No Requester
"HEALTH AND SAFETY, PUBLIC","Vaccination, COVID-19 vaccine, if added to list of school-required vaccines, exempting child using DOH form",https://app.leg.wa.gov/billsummary?BillNumber=5682&Year=2021&Initiative=false,SB 5682,Health & Long,"['0', '0', '0', '0']","['0', '0', '0', '0']","['0', '0', '0', '0']",Protecting the freedom to choose whether to receive a COVID-19 vaccination.,"McCune, Fortunato, Padden, Short, Wilson, J., Wilson, L.",No Requester
"HEALTH AND SAFETY, PUBLIC","Vaccination, COVID-19 vaccine, if added to school-required vaccines, nonbinding without district adoption",https://app.leg.wa.gov/billsummary?BillNumber=5777&Year=2021&Initiative=false,SB 5777,EL/K-12,"['0', '0', '0', '0']","['0', '0', '0', '0']","['0', '0', '0', '0']",Addressing the vaccination for COVID-19 requirement for children attending schools or day care centers.,"Braun, Brown, Dozier, Fortunato, Padden, Rivers, Schoesler, Short, Wagoner, Warnick, Wilson, J.",No Requester
"HEALTH AND SAFETY, PUBLIC","Vaccination, COVID-19 vaccine, immune protection from recovery from COVID-19 as at least as protective as",https://app.leg.wa.gov/billsummary?BillNumber=1680&Year=2021&Initiative=false,HB 1680,HC/Wellness,"['0', '0', '0', '0']","['0', '0', '0', '0']","['0', '0', '0', '0']",Recognizing the lasting immune protection resulting from recovery from COVID-19.,"Klippert, Graham, Chase, McCaslin, Sutherland, Kraft, Young",No Requester
"HEALTH AND SAFETY, PUBLIC","Vaccination, COVID-19 vaccine, natural immunity verified by antibody test as alternative to proof of",https://app.leg.wa.gov/billsummary?BillNumber=5681&Year=2021&Initiative=false,SB 5681,Health & Long,"['0', '0', '0', '0']","['0', '0', '0', '0']","['0', '0', '0', '0']",Concerning antibody tests for proof of natural immunity to novel coronavirus COVID-19.,"McCune, Fortunato, Short, Wilson, J., Wilson, L.",No Requester
"HEALTH AND SAFETY, PUBLIC","Vaccination, COVID-19 vaccine, planning/preparing/deploying using freed-up federal coronavirus funds",https://app.leg.wa.gov/billsummary?BillNumber=5344&Year=2021&Initiative=false,SB 5344,Ways & Means,"['0', '0', '0', '0']","['0', '0', '0', '0']","['0', '0', '0', '0']",Responding to the COVID-19 pandemic through state actions supported by federal funding.,"Rolfes, Robinson, Billig, Dhingra, Nguyen, Nobles, Randall, Saldaña",No Requester
"HEALTH AND SAFETY, PUBLIC","Vaccination, COVID-19 vaccine, prioritizing school teachers and classified/private school staff for receipt of",https://app.leg.wa.gov/billsummary?BillNumber=1420&Year=2021&Initiative=false,HB 1420,HC/Wellness,"['0', '0', '0', '0']","['0', '0', '0', '0']","['0', '0', '0', '0']",Ensuring that critical school employees receive priority for receipt of the COVID-19 vaccine.,"MacEwen, Rude, Johnson, J., Robertson, Jacobsen, Pollet",No Requester
"HEALTH AND SAFETY, PUBLIC","Vaccination, COVID-19 vaccine, provider to inform patient of potential adverse reactions before administration",https://app.leg.wa.gov/billsummary?BillNumber=5836&Year=2021&Initiative=false,SB 5836,Health & Long,"['0', '0', '0', '0']","['0', '0', '0', '0']","['0', '0', '0', '0']",Concerning informed consent for COVID-19 vaccines.,"Fortunato, Wilson, L.",No Requester
"HEALTH AND SAFETY, PUBLIC","Vaccination, COVID-19 vaccines, limiting new hospital information reporting duties to COVID patient care and",https://app.leg.wa.gov/billsummary?BillNumber=5420&Year=2021&Initiative=false,2nd Substitute - 2SSB 5420,Rules X,"['0', '0', '0', '0']","['0', '0', '0', '0']","['0', '0', '0', '0']",Concerning data reporting requirements for hospitals.,"Muzzall, Schoesler, Warnick",No Requester
"HEALTH AND SAFETY, PUBLIC","Vaccination, immunization program for school-age children, modifying provisions",https://app.leg.wa.gov/billsummary?BillNumber=1968&Year=2021&Initiative=false,HB 1968,Education,"['0', '0', '0', '0']","['0', '0', '0', '0']","['0', '0', '0', '0']",Preserving medical autonomy in schools and promoting local authority.,"Klippert, Graham",No Requester
"HEALTH AND SAFETY, PUBLIC","Vaccination, law/rule/order requiring receipt of, exemption when medical/philosophical/religious objection",https://app.leg.wa.gov/billsummary?BillNumber=1065&Year=2021&Initiative=false,HB 1065,HC/Wellness,"['0', '0', '0', '0']","['0', '0', '0', '0']","['0', '0', '0', '0']",Concerning epidemic or pandemic vaccines.,"Eslick, Young",No Requester
"HEALTH AND SAFETY, PUBLIC","Vaccination, law/rule/order requiring receipt of, prohibiting unless conditions met",https://app.leg.wa.gov/billsummary?BillNumber=1065&Year=2021&Initiative=false,HB 1065,HC/Wellness,"['0', '0', '0', '0']","['0', '0', '0', '0']","['0', '0', '0', '0']",Concerning epidemic or pandemic vaccines.,"Eslick, Young",No Requester
"HEALTH AND SAFETY, PUBLIC","Vaccination, minimum required for schools/day care centers, prohibiting board of health from establishing",https://app.leg.wa.gov/billsummary?BillNumber=1968&Year=2021&Initiative=false,HB 1968,Education,"['0', '0', '0', '0']","['0', '0', '0', '0']","['0', '0', '0', '0']",Preserving medical autonomy in schools and promoting local authority.,"Klippert, Graham",No Requester
"HEALTH AND SAFETY, PUBLIC","Vaccination, right to decline, despite laws/rules/orders/directives addressing emergencies/diseases",https://app.leg.wa.gov/billsummary?BillNumber=1317&Year=2021&Initiative=false,HB 1317,HC/Wellness,"['0', '0', '0', '0']","['0', '0', '0', '0']","['0', '0', '0', '0']",Concerning an individual's right to refuse health-related measures.,"Young, Kraft, Chase, Sutherland",No Requester
"HEALTH AND SAFETY, PUBLIC","Vaccination, right to decline, religious/philosophical/personal objections",https://app.leg.wa.gov/billsummary?BillNumber=1006&Year=2021&Initiative=false,HB 1006,HC/Wellness,"['0', '0', '0', '0']","['0', '0', '0', '0']","['0', '0', '0', '0']",Protecting the right of every Washington resident to decline an immunization or vaccination based on religion or conscience.,"Klippert, Eslick, Dent, Caldier, Young, Graham, Rude, Sutherland",No Requester
"HEALTH AND SAFETY, PUBLIC","Vaccination, role of emergency medical technicians via collaborative care with public health agencies",https://app.leg.wa.gov/billsummary?BillNumber=5754&Year=2021&Initiative=false,SB 5754,Health & Long,"['0', '0', '0', '0']","['0', '0', '0', '0']","['0', '0', '0', '0']","Allowing emergency medical technicians to provide medical evaluation, testing, and vaccines outside of an emergency in response to a public health agency request.","Robinson, Cleveland, Nobles, Stanford, Wilson, C.",Department of Health
"HEALTH AND SAFETY, PUBLIC","Vaccination, rule/ordinance/order/policy requiring receipt for COVID of, prohibiting",https://app.leg.wa.gov/billsummary?BillNumber=5144&Year=2021&Initiative=false,SB 5144,Health & Long,"['0', '0', '0', '0']","['0', '0', '0', '0']","['0', '0', '0', '0']",Protecting the right of every Washington resident to decline an immunization or vaccination for COVID-19.,"Ericksen, Fortunato, Short, Wagoner, Wilson, J.",No Requester
"HEALTH AND SAFETY, PUBLIC","Vaccination, vaccination proof for access to public places, prohibiting government from requiring",https://app.leg.wa.gov/billsummary?BillNumber=5683&Year=2021&Initiative=false,SB 5683,Health & Long,"['0', '0', '0', '0']","['0', '0', '0', '0']","['0', '0', '0', '0']",Prohibiting the government from requiring proof of vaccination to access public places.,"McCune, Fortunato, Padden, Short, Wilson, J., Wilson, L.",No Requester
"HEALTH AND SAFETY, PUBLIC","Vaccination, vaccine in limited supply, health care entity providing privileged access to, prohibiting",https://app.leg.wa.gov/billsummary?BillNumber=5418&Year=2021&Initiative=false,SB 5418,Health & Long,"['0', '0', '0', '0']","['0', '0', '0', '0']","['0', '0', '0', '0']",Prohibiting privileged access to drugs or vaccines.,"Billig, Kuderer, Conway, Darneille, Das, Frockt, Hasegawa, Hunt, Liias, Nguyen, Nobles, Randall, Saldaña, Stanford, Wellman, Wilson, C.",No Requester
"HEALTH AND SAFETY, PUBLIC","Vaccination/antibody status, legislators, segregation of/discrimination against/privileged status for, prohibiting",https://app.leg.wa.gov/billsummary?BillNumber=1695&Year=2021&Initiative=false,HB 1695,State Govt & T,"['0', '0', '0', '0']","['0', '0', '0', '0']","['0', '0', '0', '0']",Reforming the means by which the legislature establishes operating procedures.,"Walsh, Sutherland, Klippert, McCaslin, McEntire, Kraft, Jacobsen, Young",No Requester
"HEALTH AND SAFETY, PUBLIC","Vital statistics, birth resulting in stillbirth, certificate of, issuance, when",https://app.leg.wa.gov/billsummary?BillNumber=5072&Year=2021&Initiative=false,SB 5072,Health & Long,"['0', '0', '0', '0']","['0', '0', '0', '0']","['0', '0', '0', '0']",Concerning the government issuance of a certificate of birth resulting in stillbirth.,"Short, Kuderer, Frockt, Rolfes, Wagoner, Wilson, C.",No Requester
