"PUBLIC ASSISTANCE","Aged, blind, or disabled assistance program, eligibility for victims of human trafficking","https://app.leg.wa.gov/billsummary?BillNumber=1748&Year=2021&Initiative=false","HB 1748","208 L 22","['1', '1', '1', '1']","['1', '1', '1', '1']","['1', '1', '1', '1']","Concerning aged, blind, or disabled program eligibility for victims of human trafficking.","Entenman, Leavitt, Valdez, Callan, Gregerson, Peterson, Shewmake, Wylie, Sullivan, Simmons, Riccelli, Harris-Talley","Department of Social and Health Services"
"PUBLIC ASSISTANCE","Apple health and homes program, establishing, and office of apple health and homes, creating","https://app.leg.wa.gov/billsummary?BillNumber=1866&Year=2021&Initiative=false","Engrossed Substitute - ESHB 1866","216 L 22","['1', '1', '1', '1']","['1', '1', '1', '1']","['1', '1', '1', '1']","Assisting persons receiving community support services through medical assistance programs to receive supportive housing.","Chopp, Riccelli, Macri, Bateman, Davis, Fey, Goodman, Leavitt, Ortiz-Self, Peterson, Ramel, Ryu, Santos, Orwall, Wylie, Cody, Simmons, Slatter, Valdez, Wicks, Pollet, Taylor, Stonier, Ormsby, Hackney, Harris-Talley, Frame","No Requester"
"PUBLIC ASSISTANCE","Apple health and homes program, establishing, and office of health and homes, creating","https://app.leg.wa.gov/billsummary?BillNumber=1866&Year=2021&Initiative=false","Engrossed Substitute - ESHB 1866","216 L 22","['1', '1', '1', '1']","['1', '1', '1', '1']","['1', '1', '1', '1']","Assisting persons receiving community support services through medical assistance programs to receive supportive housing.","Chopp, Riccelli, Macri, Bateman, Davis, Fey, Goodman, Leavitt, Ortiz-Self, Peterson, Ramel, Ryu, Santos, Orwall, Wylie, Cody, Simmons, Slatter, Valdez, Wicks, Pollet, Taylor, Stonier, Ormsby, Hackney, Harris-Talley, Frame","No Requester"
"PUBLIC ASSISTANCE","Applicants, agency inquiry about military service to provide relevant information","https://app.leg.wa.gov/billsummary?BillNumber=1181&Year=2021&Initiative=false","Engrossed 2nd Substitute - E2SHB 1181","191 L 22","['1', '1', '1', '1']","['1', '1', '1', '1']","['1', '1', '1', '1']","Establishing programs and measures to prevent suicide among veterans and military members.","Orwall, Boehnke, Callan, Leavitt, Davis, Dolan, Valdez, Young, Riccelli, Lekanoff, Barkis, Peterson, Shewmake, Bronoske, Macri, Morgan","No Requester"
"PUBLIC ASSISTANCE","Applicants/recipients, adjudicative proceeding application deadline, failing to meet, good cause exception","https://app.leg.wa.gov/billsummary?BillNumber=5729&Year=2021&Initiative=false","Substitute - SSB 5729","163 L 22","['1', '1', '1', '1']","['1', '1', '1', '1']","['1', '1', '1', '1']","Creating a good cause exception to administrative hearing deadlines for applicants or recipients of certain public assistance benefits.","Nguyen, Das, Hasegawa, Kuderer, Nobles, Robinson, Saldaña, Stanford, Trudeau, Wilson, C.","No Requester"
"PUBLIC ASSISTANCE","Applications/intake, agency inquiry about military service to provide relevant information","https://app.leg.wa.gov/billsummary?BillNumber=1181&Year=2021&Initiative=false","Engrossed 2nd Substitute - E2SHB 1181","191 L 22","['1', '1', '1', '1']","['1', '1', '1', '1']","['1', '1', '1', '1']","Establishing programs and measures to prevent suicide among veterans and military members.","Orwall, Boehnke, Callan, Leavitt, Davis, Dolan, Valdez, Young, Riccelli, Lekanoff, Barkis, Peterson, Shewmake, Bronoske, Macri, Morgan","No Requester"
"PUBLIC ASSISTANCE","Assistance, public, DSHS programs, minimum service expectations and requirements for DSHS, establishing","https://app.leg.wa.gov/billsummary?BillNumber=2075&Year=2021&Initiative=false","Engrossed 2nd Substitute - E2SHB 2075","ov vetoed","['1', '1', '1', '1']","['1', '1', '1', '1']","['0', '0']","Establishing service requirements for the department of social and health services.","Peterson, Fitzgibbon, Simmons, Morgan, Chopp, Walen, Macri, Sutherland","No Requester"
"PUBLIC ASSISTANCE","Assistance, public, DSHS programs, minimum service expectations/requirements for DSHS's CSD, establishing","https://app.leg.wa.gov/billsummary?BillNumber=2075&Year=2021&Initiative=false","Engrossed 2nd Substitute - E2SHB 2075","ov vetoed","['1', '1', '1', '1']","['1', '1', '1', '1']","['0', '0']","Establishing service requirements for the department of social and health services.","Peterson, Fitzgibbon, Simmons, Morgan, Chopp, Walen, Macri, Sutherland","No Requester"
"PUBLIC ASSISTANCE","Basic food categorical income eligibility program, creating for income eligibility for other assistance programs","https://app.leg.wa.gov/billsummary?BillNumber=5433&Year=2021&Initiative=false","SB 5433","Human Svcs, Re","['0', '0', '0', '0']","['0', '0', '0', '0']","['0', '0', '0', '0']","Creating the basic food categorical income eligibility program.","Lovelett, Dhingra, Darneille, Das, Frockt, Keiser, Nguyen, Nobles, Randall, Wilson, C.","No Requester"
"PUBLIC ASSISTANCE","Child welfare services, caregiver liaison program and caregivers automated notification system, DCYF role","https://app.leg.wa.gov/billsummary?BillNumber=1945&Year=2021&Initiative=false","Substitute - SHB 1945","Rules C","['0', '0', '0', '0']","['0', '0', '0', '0']","['0', '0', '0', '0']","Improving communication between the department of children, youth, and families and caregivers.","Dent, Sutherland, Wicks, Robertson","No Requester"
"PUBLIC ASSISTANCE","Child welfare services, certain DCYF workers, training concerning placement of children experiencing disruption","https://app.leg.wa.gov/billsummary?BillNumber=2038&Year=2021&Initiative=false","2nd Substitute - 2SHB 2038","Rules R","['0', '0', '0', '0']","['0', '0', '0', '0']","['0', '0', '0', '0']","Supporting children involved with child welfare services.","Caldier, Eslick","No Requester"
"PUBLIC ASSISTANCE","Child welfare services, dependency proceedings, legal representation for child in, when","https://app.leg.wa.gov/billsummary?BillNumber=1219&Year=2021&Initiative=false","2nd Substitute - 2SHB 1219","210 L 21","['1', '1', '1', '1']","['1', '1', '1', '1']","['1', '1', '1', '1']","Concerning the appointment of counsel for youth in dependency court proceedings.","Frame, Johnson, J., Ramos, Bateman, Peterson, Fitzgibbon, Davis, Ryu, Fey, Senn, Lovick, Chase, Orwall, Taylor, Santos, Thai, Ortiz-Self, Ormsby, Simmons, Slatter, Berg, Chopp, Bergquist, Callan, Valdez, Macri, Goodman, Tharinger, Harris-Talley, Ybarra, Hackney","No Requester"
"PUBLIC ASSISTANCE","Child welfare services, dependency proceedings, placement with relative appointed as guardian","https://app.leg.wa.gov/billsummary?BillNumber=1747&Year=2021&Initiative=false","Substitute - SHB 1747","127 L 22","['1', '1', '1', '1']","['1', '1', '1', '1']","['1', '1', '1', '1']","Supporting relative placements in child welfare proceedings.","Ortiz-Self, Taylor, Davis, Peterson, Ryu, Orwall, Dolan, Simmons, Ramos, Wicks, Valdez, Fitzgibbon, Morgan, Stonier, Goodman, Ormsby, Macri, Harris-Talley, Frame","No Requester"
"PUBLIC ASSISTANCE","Child welfare services, dependency proceedings, returning child home, casework supervision of certain parents","https://app.leg.wa.gov/billsummary?BillNumber=1944&Year=2021&Initiative=false","HB 1944","Children, Yout","['0', '0', '0', '0']","['0', '0', '0', '0']","['0', '0', '0', '0']","Increasing the time period that certain parents receive supervision after reunification during child welfare court proceedings.","Walsh, Graham","No Requester"
"PUBLIC ASSISTANCE","Child welfare services, dependency proceedings, student who is the subject of, education requirements for","https://app.leg.wa.gov/billsummary?BillNumber=1955&Year=2021&Initiative=false","Substitute - SHB 1955","78 L 22","['1', '1', '1', '1']","['1', '1', '1', '1']","['1', '1', '1', '1']","Creating uniformity in education requirements for students who are the subject of a dependency proceeding.","Rule, Ramel, Ormsby, Taylor","No Requester"
"PUBLIC ASSISTANCE","Child welfare services, dependency system, early childhood court program for infants/toddlers in, establishing","https://app.leg.wa.gov/billsummary?BillNumber=5331&Year=2021&Initiative=false","2nd Substitute - 2SSB 5331","285 L 21","['1', '1', '1', '1']","['1', '1', '1', '1']","['1', '1', '1', '1']","Establishing an early childhood court program for young children and their families involved or at risk of becoming involved in Washington's child welfare system.","Gildon, Darneille, Dhingra, Hasegawa, Nguyen, Nobles, Warnick, Wellman, Wilson, C.","No Requester"
"PUBLIC ASSISTANCE","Child welfare services, dependent youth with developmental disabilities exiting system","https://app.leg.wa.gov/billsummary?BillNumber=1061&Year=2021&Initiative=false","2nd Substitute - 2SHB 1061","56 L 21","['1', '1', '1', '1']","['1', '1', '1', '1']","['1', '1', '1', '1']","Concerning youth eligible for developmental disability services who are expected to exit the child welfare system.","Senn, Dent, Leavitt, Wicks, Slatter, Wylie, Simmons, Kloba, Ortiz-Self, Gregerson, Callan, Young, Morgan, Frame, Santos, Rule, Davis","No Requester"
"PUBLIC ASSISTANCE","Child welfare services, dependent youth, self-controlled bank account with financial institution, program to provide","https://app.leg.wa.gov/billsummary?BillNumber=5824&Year=2021&Initiative=false","Substitute - SSB 5824","Ways & Means","['0', '0', '0', '0']","['0', '0', '0', '0']","['0', '0', '0', '0']","Providing dependent youth with financial education and support.","Nobles, Mullet, Carlyle, Conway, Frockt, Hasegawa, Keiser, Lovelett, Nguyen, Rivers, Robinson, Stanford, Trudeau, Wagoner, Wilson, C.","No Requester"
"PUBLIC ASSISTANCE","Child welfare services, exceptional cost payments to foster parents accepting placement of certain children","https://app.leg.wa.gov/billsummary?BillNumber=2038&Year=2021&Initiative=false","2nd Substitute - 2SHB 2038","Rules R","['0', '0', '0', '0']","['0', '0', '0', '0']","['0', '0', '0', '0']","Supporting children involved with child welfare services.","Caldier, Eslick","No Requester"
"PUBLIC ASSISTANCE","Child welfare services, medical/dental/behavioral health care for children in DCYF custody","https://app.leg.wa.gov/billsummary?BillNumber=1205&Year=2021&Initiative=false","HB 1205","Approps","['0', '0', '0', '0']","['0', '0', '0', '0']","['0', '0', '0', '0']","Paying for health care for children in the custody of the department of children, youth, and families.","Caldier, Dent, Eslick","No Requester"
"PUBLIC ASSISTANCE","Child welfare services, social services specialist three job classification, increasing staffing level of","https://app.leg.wa.gov/billsummary?BillNumber=2038&Year=2021&Initiative=false","2nd Substitute - 2SHB 2038","Rules R","['0', '0', '0', '0']","['0', '0', '0', '0']","['0', '0', '0', '0']","Supporting children involved with child welfare services.","Caldier, Eslick","No Requester"
"PUBLIC ASSISTANCE","COVID-19, due to, assistance need standards for households, expanding goods/services included in","https://app.leg.wa.gov/billsummary?BillNumber=1151&Year=2021&Initiative=false","Substitute - SHB 1151","9 L 21","['1', '1', '1', '1']","['1', '1', '1', '1']","['1', '1', '1', '1']","Bolstering economic recovery.","Leavitt, Shewmake, Peterson, Bronoske, Entenman, Stonier, Bateman, Chopp, Frame, Hackney, Callan, Pollet, Gregerson, Senn, Johnson, J.","No Requester"
"PUBLIC ASSISTANCE","COVID-19, due to, consolidated emergency assistance program for families with children, modifying","https://app.leg.wa.gov/billsummary?BillNumber=1151&Year=2021&Initiative=false","Substitute - SHB 1151","9 L 21","['1', '1', '1', '1']","['1', '1', '1', '1']","['1', '1', '1', '1']","Bolstering economic recovery.","Leavitt, Shewmake, Peterson, Bronoske, Entenman, Stonier, Bateman, Chopp, Frame, Hackney, Callan, Pollet, Gregerson, Senn, Johnson, J.","No Requester"
"PUBLIC ASSISTANCE","COVID-19, due to, one-time cash benefit and transitional food assistance for certain households","https://app.leg.wa.gov/billsummary?BillNumber=1151&Year=2021&Initiative=false","Substitute - SHB 1151","9 L 21","['1', '1', '1', '1']","['1', '1', '1', '1']","['1', '1', '1', '1']","Bolstering economic recovery.","Leavitt, Shewmake, Peterson, Bronoske, Entenman, Stonier, Bateman, Chopp, Frame, Hackney, Callan, Pollet, Gregerson, Senn, Johnson, J.","No Requester"
"PUBLIC ASSISTANCE","COVID-19, due to, using certain freed-up federal coronavirus funds for cash and food assistance","https://app.leg.wa.gov/billsummary?BillNumber=5344&Year=2021&Initiative=false","SB 5344","Ways & Means","['0', '0', '0', '0']","['0', '0', '0', '0']","['0', '0', '0', '0']","Responding to the COVID-19 pandemic through state actions supported by federal funding.","Rolfes, Robinson, Billig, Dhingra, Nguyen, Nobles, Randall, Saldaña","No Requester"
"PUBLIC ASSISTANCE","COVID-19, due to, using certain freed-up federal coronavirus funds for medical assistance","https://app.leg.wa.gov/billsummary?BillNumber=5344&Year=2021&Initiative=false","SB 5344","Ways & Means","['0', '0', '0', '0']","['0', '0', '0', '0']","['0', '0', '0', '0']","Responding to the COVID-19 pandemic through state actions supported by federal funding.","Rolfes, Robinson, Billig, Dhingra, Nguyen, Nobles, Randall, Saldaña","No Requester"
"PUBLIC ASSISTANCE","Developmental and intellectual disabilities, individuals with, rehabilitation services for","https://app.leg.wa.gov/billsummary?BillNumber=5790&Year=2021&Initiative=false","Substitute - SSB 5790","167 L 22","['1', '1', '1', '1']","['1', '1', '1', '1']","['1', '1', '1', '1']","Strengthening critical community support services for individuals with intellectual and developmental disabilities.","Braun, Conway, Fortunato, Frockt, King, Lovelett, Lovick, Muzzall, Randall, Rivers, Short, Wilson, L.","No Requester"
"PUBLIC ASSISTANCE","Emergency assistance program, consolidated (CEAP), providing diversion cash and emergency assistance","https://app.leg.wa.gov/billsummary?BillNumber=5954&Year=2021&Initiative=false","SB 5954","Housing & Loca","['0', '0', '0', '0']","['0', '0', '0', '0']","['0', '0', '0', '0']","Reducing the impacts and incidences of chronic and unsheltered homelessness.","Gildon, Braun, Dozier, Fortunato, Honeyford, King, Muzzall, Schoesler, Wagoner, Warnick, Wilson, J., Wilson, L.","No Requester"
"PUBLIC ASSISTANCE","Emergency assistance program, consolidated (CEAP), to include individuals and families without children","https://app.leg.wa.gov/billsummary?BillNumber=5954&Year=2021&Initiative=false","SB 5954","Housing & Loca","['0', '0', '0', '0']","['0', '0', '0', '0']","['0', '0', '0', '0']","Reducing the impacts and incidences of chronic and unsheltered homelessness.","Gildon, Braun, Dozier, Fortunato, Honeyford, King, Muzzall, Schoesler, Wagoner, Warnick, Wilson, J., Wilson, L.","No Requester"
"PUBLIC ASSISTANCE","Evergreen basic income trust, creating","https://app.leg.wa.gov/billsummary?BillNumber=2009&Year=2021&Initiative=false","HB 2009","Hous, Human Sv","['0', '0', '0', '0']","['0', '0', '0', '0']","['0', '0', '0', '0']","Creating the evergreen basic income trust.","Berry, Peterson, Ramel, Ryu, Macri, Bateman, Hackney, Ormsby, Frame, Pollet","No Requester"
"PUBLIC ASSISTANCE","Food assistance recipients, as hard-to-place job seekers, B&O/public utility tax credits for employers hiring","https://app.leg.wa.gov/billsummary?BillNumber=5358&Year=2021&Initiative=false","Substitute - SSB 5358","Ways & Means","['0', '0', '0', '0']","['0', '0', '0', '0']","['0', '0', '0', '0']","Providing incentives to employers to hire certain hard-to-place job seekers.","Gildon, Braun, Darneille, Nguyen, Warnick, Wellman","No Requester"
"PUBLIC ASSISTANCE","Food assistance, basic food categorical income eligibility program, creating","https://app.leg.wa.gov/billsummary?BillNumber=5433&Year=2021&Initiative=false","SB 5433","Human Svcs, Re","['0', '0', '0', '0']","['0', '0', '0', '0']","['0', '0', '0', '0']","Creating the basic food categorical income eligibility program.","Lovelett, Dhingra, Darneille, Das, Frockt, Keiser, Nguyen, Nobles, Randall, Wilson, C.","No Requester"
"PUBLIC ASSISTANCE","Food assistance, transitional, for unsanctioned members of household ceasing to receive TANF","https://app.leg.wa.gov/billsummary?BillNumber=5785&Year=2021&Initiative=false","Substitute - SSB 5785","98 L 22","['1', '1', '1', '1']","['1', '1', '1', '1']","['1', '1', '1', '1']","Concerning transitional food assistance.","Lovelett, Wilson, C., Das, Dhingra, Hasegawa, Nobles, Saldaña, Stanford","Department of Social and Health Services"
"PUBLIC ASSISTANCE","Home and community services, waiver services while living at home, personal needs allowance for, increasing","https://app.leg.wa.gov/billsummary?BillNumber=5745&Year=2021&Initiative=false","Substitute - SSB 5745","164 L 22","['1', '1', '1', '1']","['1', '1', '1', '1']","['1', '1', '1', '1']","Increasing the personal needs allowance for persons receiving state financed care.","Liias, Keiser, Conway, Nobles, Wilson, C.","No Requester"
"PUBLIC ASSISTANCE","Host homes, with host home programs, real property used as, property tax exemption","https://app.leg.wa.gov/billsummary?BillNumber=1175&Year=2021&Initiative=false","Engrossed Substitute - ESHB 1175","Rules 3C","['0', '0', '0', '0']","['0', '0', '0', '0']","['0', '0', '0', '0']","Providing a property tax exemption for real property used as a host home associated with a host home program.","Johnson, J., Caldier, Callan, Young, Griffey, Sutherland, Harris-Talley, Ormsby, Fitzgibbon","No Requester"
"PUBLIC ASSISTANCE","Host homes, with host home programs, real property used as, state property tax exemption","https://app.leg.wa.gov/billsummary?BillNumber=1175&Year=2021&Initiative=false","Engrossed Substitute - ESHB 1175","Rules 3C","['0', '0', '0', '0']","['0', '0', '0', '0']","['0', '0', '0', '0']","Providing a property tax exemption for real property used as a host home associated with a host home program.","Johnson, J., Caldier, Callan, Young, Griffey, Sutherland, Harris-Talley, Ormsby, Fitzgibbon","No Requester"
"PUBLIC ASSISTANCE","Interpreters, spoken language, for medical appointments, when medical provider provides, reimbursement","https://app.leg.wa.gov/billsummary?BillNumber=5808&Year=2021&Initiative=false","SB 5808","Health & Long","['0', '0', '0', '0']","['0', '0', '0', '0']","['0', '0', '0', '0']","Providing spoken language interpreters for medical appointments when the original spoken language interpreter fails to appear.","King, Keiser","No Requester"
"PUBLIC ASSISTANCE","Medicaid, ability to apply for persons incarcerated for less than 30 days","https://app.leg.wa.gov/billsummary?BillNumber=1348&Year=2021&Initiative=false","Substitute - SHB 1348","166 L 21","['1', '1', '1', '1']","['1', '1', '1', '1']","['1', '1', '1', '1']","Providing medical assistance to incarcerated persons.","Davis, Schmick, Frame, Leavitt, Simmons, Valdez, Fitzgibbon, Orwall, Ortiz-Self, Slatter, Caldier, Stonier, Peterson, Ramel, Goodman, Taylor, Sutherland, Ryu, Hackney, Lovick, Barkis, Pollet, Macri, Callan, Santos, Ormsby, Tharinger, Riccelli, Lekanoff, Harris-Talley, Harris","No Requester"
"PUBLIC ASSISTANCE","Medicaid, agreements with managed care systems, submitting rates to systems before contract signing","https://app.leg.wa.gov/billsummary?BillNumber=1959&Year=2021&Initiative=false","HB 1959","Rules C","['0', '0', '0', '0']","['0', '0', '0', '0']","['0', '0', '0', '0']","Concerning managed health care system rate review.","Schmick, Sutherland","No Requester"
"PUBLIC ASSISTANCE","Medicaid, annual mental health wellness exam by qualified mental health care provider, coverage for","https://app.leg.wa.gov/billsummary?BillNumber=5889&Year=2021&Initiative=false","SB 5889","Health & Long","['0', '0', '0', '0']","['0', '0', '0', '0']","['0', '0', '0', '0']","Concerning insurance coverage for an annual mental health wellness exam.","Das, Lovelett, Hasegawa, Kuderer, Nguyen, Nobles, Saldaña, Trudeau, Wilson, C.","No Requester"
"PUBLIC ASSISTANCE","Medicaid, assisted living facilities, provider prevailing wages, stakeholder group concerning, convening","https://app.leg.wa.gov/billsummary?BillNumber=1645&Year=2021&Initiative=false","HB 1645","Approps","['0', '0', '0', '0']","['0', '0', '0', '0']","['0', '0', '0', '0']","Concerning medicaid assisted living payment methodology.","Bateman, Schmick, Callan, Santos, Tharinger, Stonier, Riccelli","No Requester"
"PUBLIC ASSISTANCE","Medicaid, assisted living facility payment methodology, fully funded model for, implementing","https://app.leg.wa.gov/billsummary?BillNumber=1645&Year=2021&Initiative=false","HB 1645","Approps","['0', '0', '0', '0']","['0', '0', '0', '0']","['0', '0', '0', '0']","Concerning medicaid assisted living payment methodology.","Bateman, Schmick, Callan, Santos, Tharinger, Stonier, Riccelli","No Requester"
"PUBLIC ASSISTANCE","Medicaid, audio-only telemedicine, managed care plan/fee-for-service reimbursement of services via","https://app.leg.wa.gov/billsummary?BillNumber=5325&Year=2021&Initiative=false","Substitute - SSB 5325","100 L 21","['1', '1', '1', '1']","['1', '1', '1', '1']","['1', '1', '1', '1']","Concerning audio-only telemedicine.","Muzzall, Cleveland, Dozier, Frockt, Keiser, Randall, Rivers, Robinson","No Requester"
"PUBLIC ASSISTANCE","Medicaid, behavioral health support specialist services coverage under","https://app.leg.wa.gov/billsummary?BillNumber=5884&Year=2021&Initiative=false","Engrossed 2nd Substitute - E2SSB 5884","Rules 3","['0', '0', '0', '0']","['0', '0', '0', '0']","['0', '0', '0', '0']","Establishing behavioral health support specialists.","Trudeau, Dhingra, Hasegawa, Kuderer, Lovick, Nguyen, Nobles, Saldaña, Wilson, C.","No Requester"
"PUBLIC ASSISTANCE","Medicaid, children, early and periodic screening/diagnosis/treatment schedules, aligning with certain standards","https://app.leg.wa.gov/billsummary?BillNumber=5912&Year=2021&Initiative=false","Substitute - SSB 5912","Rules 3","['0', '0', '0', '0']","['0', '0', '0', '0']","['0', '0', '0', '0']","Improving health outcomes for children on medicaid.","Sefzik, Braun, Fortunato, Honeyford, Muzzall, Nguyen, Randall, Robinson, Short","No Requester"
"PUBLIC ASSISTANCE","Medicaid, children's mental health assessment/diagnosis, from birth through 5 years of age","https://app.leg.wa.gov/billsummary?BillNumber=1325&Year=2021&Initiative=false","2nd Substitute - 2SHB 1325","126 L 21","['1', '1', '1', '1']","['1', '1', '1', '1']","['1', '1', '1', '1']","Implementing policies related to children and youth behavioral health.","Callan, Eslick, Leavitt, Fitzgibbon, Thai, Duerr, Senn, Ortiz-Self, Davis, Bergquist, Ramos, Lekanoff, Pollet, Dent, Goodman","No Requester"
"PUBLIC ASSISTANCE","Medicaid, clubhouses and peer-run organizations for persons with mental illness","https://app.leg.wa.gov/billsummary?BillNumber=5328&Year=2021&Initiative=false","Engrossed - ESB 5328","Rules X","['0', '0', '0', '0']","['0', '0', '0', '0']","['0', '0', '0', '0']","Concerning clubhouses for persons with mental illness.","Lovelett, Dhingra, Darneille, Das, Frockt, Nguyen, Nobles, Wilson, C.","No Requester"
"PUBLIC ASSISTANCE","Medicaid, community residential service providers, for persons with developmental disabilities, rates for, studying","https://app.leg.wa.gov/billsummary?BillNumber=5268&Year=2021&Initiative=false","Engrossed Substitute - ESSB 5268","219 L 22","['1', '1', '1', '1']","['1', '1', '1', '1']","['1', '1', '1', '1']","Transforming services for individuals with intellectual and developmental disabilities by increasing the capabilities of community residential settings and redesigning the long-term nature of intermediate care facilities.","Keiser, Braun, Nguyen","No Requester"
"PUBLIC ASSISTANCE","Medicaid, developmental/intellectual disabilities, individuals with, employment/community inclusion provider rates","https://app.leg.wa.gov/billsummary?BillNumber=5790&Year=2021&Initiative=false","Substitute - SSB 5790","167 L 22","['1', '1', '1', '1']","['1', '1', '1', '1']","['1', '1', '1', '1']","Strengthening critical community support services for individuals with intellectual and developmental disabilities.","Braun, Conway, Fortunato, Frockt, King, Lovelett, Lovick, Muzzall, Randall, Rivers, Short, Wilson, L.","No Requester"
"PUBLIC ASSISTANCE","Medicaid, dialysate/dialysis device manufacturers dispensing directly to patients, certain exemptions","https://app.leg.wa.gov/billsummary?BillNumber=5507&Year=2021&Initiative=false","SB 5507","Health & Long","['0', '0', '0', '0']","['0', '0', '0', '0']","['0', '0', '0', '0']","Exempting a manufacturer of certain dialysate and dialysis devices used by home dialysis patients or a manufacturer's agent from the pharmacy practices act and legend drug act.","Keiser, Muzzall, Lovick, Wilson, C.","No Requester"
"PUBLIC ASSISTANCE","Medicaid, donor breast milk for inpatient use, coverage for","https://app.leg.wa.gov/billsummary?BillNumber=5702&Year=2021&Initiative=false","Engrossed 2nd Substitute - E2SSB 5702","236 L 22","['1', '1', '1', '1']","['1', '1', '1', '1']","['1', '1', '1', '1']","Requiring coverage for donor breast milk.","Trudeau, Dhingra, Lovelett, Lovick, Nguyen, Nobles, Randall, Saldaña, Stanford, Van De Wege, Wilson, C.","No Requester"
"PUBLIC ASSISTANCE","Medicaid, donor human milk for inpatient use, coverage for","https://app.leg.wa.gov/billsummary?BillNumber=5702&Year=2021&Initiative=false","Engrossed 2nd Substitute - E2SSB 5702","236 L 22","['1', '1', '1', '1']","['1', '1', '1', '1']","['1', '1', '1', '1']","Requiring coverage for donor breast milk.","Trudeau, Dhingra, Lovelett, Lovick, Nguyen, Nobles, Randall, Saldaña, Stanford, Van De Wege, Wilson, C.","No Requester"
"PUBLIC ASSISTANCE","Medicaid, enrollees, in-network services for, ambulatory surgical facility/hospital role","https://app.leg.wa.gov/billsummary?BillNumber=5377&Year=2021&Initiative=false","Engrossed 2nd Substitute - E2SSB 5377","246 L 21","['1', '1', '1', '1']","['1', '1', '1', '1']","['1', '1', '1', '1']","Increasing affordability of standardized plans on the individual market.","Frockt, Keiser, Conway, Das, Dhingra, Hunt, Kuderer, Liias, Lovelett, Wilson, C., Nguyen, Pedersen, Saldaña, Salomon","No Requester"
"PUBLIC ASSISTANCE","Medicaid, federal matching funds, reattributing certain federal funds 2019-2021 appropriations to","https://app.leg.wa.gov/billsummary?BillNumber=5343&Year=2021&Initiative=false","SB 5343","Ways & Means","['0', '0', '0', '0']","['0', '0', '0', '0']","['0', '0', '0', '0']","Revising 2019-2021 fiscal biennium appropriations of state and federal funding for previously implemented medicaid rates and other medicaid expenditures in the developmental disabilities and long-term care programs in response to the COVID-19 pandemic.","Rolfes, Robinson, Dhingra, Nguyen","No Requester"
"PUBLIC ASSISTANCE","Medicaid, federal, when ineligible due to immigration status, state-only coverage and health/dental plans","https://app.leg.wa.gov/billsummary?BillNumber=1191&Year=2021&Initiative=false","HB 1191","HC/Wellness","['0', '0', '0', '0']","['0', '0', '0', '0']","['0', '0', '0', '0']","Ensuring equity in health coverage.","Thai, Bateman, Ryu, Lovick, Kloba, Simmons, Gregerson, Valdez, Peterson, Santos, Fitzgibbon, Ramel, Goodman, Ortiz-Self, Macri, Slatter, Fey, Davis, Pollet, Callan, Harris-Talley, Frame, Hackney","No Requester"
"PUBLIC ASSISTANCE","Medicaid, gender-affirming health care treatment, coverage for, requirements/unfair practices","https://app.leg.wa.gov/billsummary?BillNumber=5313&Year=2021&Initiative=false","2nd Substitute - 2SSB 5313","280 L 21","['1', '1', '1', '1']","['1', '1', '1', '1']","['1', '1', '1', '1']","Concerning health insurance discrimination.","Liias, Randall, Darneille, Das, Dhingra, Frockt, Hunt, Keiser, Kuderer, Lovelett, Nguyen, Nobles, Pedersen, Robinson, Stanford, Van De Wege, Wilson, C.","No Requester"
"PUBLIC ASSISTANCE","Medicaid, HIV antiviral drugs coverage when FDA-approved","https://app.leg.wa.gov/billsummary?BillNumber=5551&Year=2021&Initiative=false","SB 5551","Health & Long","['0', '0', '0', '0']","['0', '0', '0', '0']","['0', '0', '0', '0']","Concerning medicaid coverage for HIV antiviral drugs.","Randall, Liias, Billig, Das, Dhingra, Frockt, Keiser, Lovelett, Lovick, Mullet, Nguyen, Nobles, Pedersen, Saldaña, Stanford, Trudeau, Wilson, C.","No Requester"
"PUBLIC ASSISTANCE","Medicaid, hospital services, safety net assessment for, extending expiration of","https://app.leg.wa.gov/billsummary?BillNumber=1316&Year=2021&Initiative=false","HB 1316","255 L 21","['1', '1', '1', '1']","['1', '1', '1', '1']","['1', '1', '1', '1']","Concerning the hospital safety net assessment.","Cody, Macri, Duerr, Santos, Bateman, Lekanoff","No Requester"
"PUBLIC ASSISTANCE","Medicaid, long-term care, consumer directed employer program, rate-setting board and employer provisions","https://app.leg.wa.gov/billsummary?BillNumber=5258&Year=2021&Initiative=false","Substitute - SSB 5258","186 L 21","['1', '1', '1', '1']","['1', '1', '1', '1']","['1', '1', '1', '1']","Concerning consumer directed employers.","Cleveland, Robinson, Das, Nguyen, Saldaña, Wilson, C.","Department of Social and Health Services"
"PUBLIC ASSISTANCE","Medicaid, long-term services and supports, eligibility determinations/other functions, performance by Indian tribes","https://app.leg.wa.gov/billsummary?BillNumber=5866&Year=2021&Initiative=false","SB 5866","255 L 22","['1', '1', '1', '1']","['1', '1', '1', '1']","['1', '1', '1', '1']","Concerning medicaid long-term services and supports eligibility determinations completed by federally recognized Indian tribes.","Robinson, Randall, Conway, Kuderer, Lovick, Nguyen, Nobles, Wilson, C.","Department of Social and Health Services"
"PUBLIC ASSISTANCE","Medicaid, managed care contracts, enrollees discharged from inpatient behavioral health, housing services for","https://app.leg.wa.gov/billsummary?BillNumber=1860&Year=2021&Initiative=false","2nd Substitute - 2SHB 1860","215 L 22","['1', '1', '1', '1']","['1', '1', '1', '1']","['1', '1', '1', '1']","Preventing homelessness among persons discharging from inpatient behavioral health settings.","Davis, Eslick, Callan, Jacobsen, Macri, Santos, Shewmake, Orwall, Tharinger, Simmons, Chopp, Bergquist, Valdez","No Requester"
"PUBLIC ASSISTANCE","Medicaid, managed care organizations, covered lives assessment, foundational public health services use of","https://app.leg.wa.gov/billsummary?BillNumber=5149&Year=2021&Initiative=false","Substitute - SSB 5149","Ways & Means","['0', '0', '0', '0']","['0', '0', '0', '0']","['0', '0', '0', '0']","Funding foundational public health services.","Robinson, Das, Dhingra, Kuderer, Liias, Nobles, Saldaña, Wilson, C.","Office of the Governor"
"PUBLIC ASSISTANCE","Medicaid, managed care, genetic testing for children with seizures/neurological symptoms/etc.","https://app.leg.wa.gov/billsummary?BillNumber=1346&Year=2021&Initiative=false","HB 1346","HC/Wellness","['0', '0', '0', '0']","['0', '0', '0', '0']","['0', '0', '0', '0']","Concerning treatment and genetic testing for children with seizures, neurological symptoms, and other physical symptoms.","Sullivan, Lekanoff, Pollet","No Requester"
"PUBLIC ASSISTANCE","Medicaid, managed care/fee-for-service, payment for mobile crisis/triage facility/crisis stabilization services","https://app.leg.wa.gov/billsummary?BillNumber=5209&Year=2021&Initiative=false","SB 5209","Behavioral Hea","['0', '0', '0', '0']","['0', '0', '0', '0']","['0', '0', '0', '0']","Enhancing and expanding behavioral health and suicide prevention crisis response services.","Dhingra, Darneille, Das, Keiser, Kuderer, Lovelett, Randall, Conway, Frockt, Hasegawa, Liias, Nguyen, Pedersen, Wagoner, Wilson, C.","No Requester"
"PUBLIC ASSISTANCE","Medicaid, medicaid expenditure forecast work group, creating","https://app.leg.wa.gov/billsummary?BillNumber=5620&Year=2021&Initiative=false","Substitute - SSB 5620","Rules 3","['0', '0', '0', '0']","['0', '0', '0', '0']","['0', '0', '0', '0']","Concerning medicaid expenditures.","Wilson, L., Braun, Dhingra, Gildon, Rolfes, Wilson, J.","No Requester"
"PUBLIC ASSISTANCE","Medicaid, nursing facilities, rate adjustment for inflation","https://app.leg.wa.gov/billsummary?BillNumber=5311&Year=2021&Initiative=false","Substitute - SSB 5311","Ways & Means","['0', '0', '0', '0']","['0', '0', '0', '0']","['0', '0', '0', '0']","Adjusting the skilled nursing medicaid rate methodology.","Rivers, Conway, Muzzall, Van De Wege","No Requester"
"PUBLIC ASSISTANCE","Medicaid, nursing facilities, rate rebasing and case mix","https://app.leg.wa.gov/billsummary?BillNumber=1275&Year=2021&Initiative=false","HB 1275","Approps","['0', '0', '0', '0']","['0', '0', '0', '0']","['0', '0', '0', '0']","Concerning nursing facility medicaid rate rebasing, inflation, and case mix.","Schmick, Macri, Shewmake, Eslick, Hackney, Chambers, Rule, Leavitt, Harris-Talley, Stonier","Department of Social and Health Services"
"PUBLIC ASSISTANCE","Medicaid, opioid overdose reversal medication, medicaid billing and provider reimbursement for","https://app.leg.wa.gov/billsummary?BillNumber=5195&Year=2021&Initiative=false","2nd Substitute - 2SSB 5195","273 L 21","['1', '1', '1', '1']","['1', '1', '1', '1']","['1', '1', '1', '1']","Concerning prescribing opioid overdose reversal medication.","Liias, Muzzall, Das, Dhingra, Nguyen, Wilson, C.","No Requester"
"PUBLIC ASSISTANCE","Medicaid, opioid overdose reversal medication, medicaid billing and reimbursement for","https://app.leg.wa.gov/billsummary?BillNumber=5195&Year=2021&Initiative=false","2nd Substitute - 2SSB 5195","273 L 21","['1', '1', '1', '1']","['1', '1', '1', '1']","['1', '1', '1', '1']","Concerning prescribing opioid overdose reversal medication.","Liias, Muzzall, Das, Dhingra, Nguyen, Wilson, C.","No Requester"
"PUBLIC ASSISTANCE","Medicaid, postpartum coverage for postpartum/pregnant persons, extending","https://app.leg.wa.gov/billsummary?BillNumber=5068&Year=2021&Initiative=false","Substitute - SSB 5068","90 L 21","['1', '1', '1', '1']","['1', '1', '1', '1']","['1', '1', '1', '1']","Improving maternal health outcomes by extending coverage during the postpartum period.","Randall, Rivers, Billig, Cleveland, Conway, Darneille, Das, Dhingra, Frockt, Hasegawa, Hunt, Keiser, Kuderer, Liias, Lovelett, Muzzall, Nguyen, Nobles, Saldaña, Salomon, Stanford, Warnick, Wilson, C.","No Requester"
"PUBLIC ASSISTANCE","Medicaid, prescription drugs for mental health conditions, utilization management for, prohibiting, when","https://app.leg.wa.gov/billsummary?BillNumber=5794&Year=2021&Initiative=false","Engrossed Substitute - ESSB 5794","Rules 3","['0', '0', '0', '0']","['0', '0', '0', '0']","['0', '0', '0', '0']","Concerning continuity of coverage for prescription drugs prescribed for the treatment of behavioral health conditions.","Dhingra, Kuderer, Frockt, Hasegawa, Lovelett, Randall, Van De Wege, Wilson, C.","No Requester"
"PUBLIC ASSISTANCE","Medicaid, primary care services providers, reimbursing at higher rate","https://app.leg.wa.gov/billsummary?BillNumber=5246&Year=2021&Initiative=false","SB 5246","Ways & Means","['0', '0', '0', '0']","['0', '0', '0', '0']","['0', '0', '0', '0']","Concerning reimbursement for primary care services for medicaid beneficiaries.","Randall, Frockt, Conway, Das, Nguyen, Nobles, Saldaña, Wilson, C.","No Requester"
"PUBLIC ASSISTANCE","Medicaid, primary care, behavioral health in, multi-payer primary care transformation model to aid","https://app.leg.wa.gov/billsummary?BillNumber=5894&Year=2021&Initiative=false","Substitute - SSB 5894","Ways & Means","['0', '0', '0', '0']","['0', '0', '0', '0']","['0', '0', '0', '0']","Integrating behavioral health in primary care through the use of health navigators and a primary care collaborative.","Frockt, Conway, Hasegawa, Nguyen, Nobles, Robinson, Wilson, C.","No Requester"
"PUBLIC ASSISTANCE","Medicaid, primary care, pediatric community health workers, reimbursement of","https://app.leg.wa.gov/billsummary?BillNumber=5894&Year=2021&Initiative=false","Substitute - SSB 5894","Ways & Means","['0', '0', '0', '0']","['0', '0', '0', '0']","['0', '0', '0', '0']","Integrating behavioral health in primary care through the use of health navigators and a primary care collaborative.","Frockt, Conway, Hasegawa, Nguyen, Nobles, Robinson, Wilson, C.","No Requester"
"PUBLIC ASSISTANCE","Medicaid, primary care, pediatric/mental health, multi-payer primary care transformation model to aid","https://app.leg.wa.gov/billsummary?BillNumber=5894&Year=2021&Initiative=false","Substitute - SSB 5894","Ways & Means","['0', '0', '0', '0']","['0', '0', '0', '0']","['0', '0', '0', '0']","Integrating behavioral health in primary care through the use of health navigators and a primary care collaborative.","Frockt, Conway, Hasegawa, Nguyen, Nobles, Robinson, Wilson, C.","No Requester"
"PUBLIC ASSISTANCE","Medicaid, program integrity activities, health care authority oversight/duties","https://app.leg.wa.gov/billsummary?BillNumber=5620&Year=2021&Initiative=false","Substitute - SSB 5620","Rules 3","['0', '0', '0', '0']","['0', '0', '0', '0']","['0', '0', '0', '0']","Concerning medicaid expenditures.","Wilson, L., Braun, Dhingra, Gildon, Rolfes, Wilson, J.","No Requester"
"PUBLIC ASSISTANCE","Medicaid, rate enhancements and incentive payments, using federal medicaid matching funds for","https://app.leg.wa.gov/billsummary?BillNumber=5343&Year=2021&Initiative=false","SB 5343","Ways & Means","['0', '0', '0', '0']","['0', '0', '0', '0']","['0', '0', '0', '0']","Revising 2019-2021 fiscal biennium appropriations of state and federal funding for previously implemented medicaid rates and other medicaid expenditures in the developmental disabilities and long-term care programs in response to the COVID-19 pandemic.","Rolfes, Robinson, Dhingra, Nguyen","No Requester"
"PUBLIC ASSISTANCE","Medicaid, state plan, adding minor behavioral health partial hospitalization/intensive outpatient programs to","https://app.leg.wa.gov/billsummary?BillNumber=5736&Year=2021&Initiative=false","2nd Substitute - 2SSB 5736","94 L 22","['1', '1', '1', '1']","['1', '1', '1', '1']","['1', '1', '1', '1']","Concerning partial hospitalizations and intensive outpatient treatment services for minors.","Frockt, Dhingra, Conway, Hasegawa, Honeyford, Keiser, Kuderer, Lovelett, Lovick, Nobles, Randall, Salomon, Stanford","No Requester"
"PUBLIC ASSISTANCE","Medicaid, suspense status, for persons incarcerated for less than 30 days, prohibiting","https://app.leg.wa.gov/billsummary?BillNumber=1348&Year=2021&Initiative=false","Substitute - SHB 1348","166 L 21","['1', '1', '1', '1']","['1', '1', '1', '1']","['1', '1', '1', '1']","Providing medical assistance to incarcerated persons.","Davis, Schmick, Frame, Leavitt, Simmons, Valdez, Fitzgibbon, Orwall, Ortiz-Self, Slatter, Caldier, Stonier, Peterson, Ramel, Goodman, Taylor, Sutherland, Ryu, Hackney, Lovick, Barkis, Pollet, Macri, Callan, Santos, Ormsby, Tharinger, Riccelli, Lekanoff, Harris-Talley, Harris","No Requester"
"PUBLIC ASSISTANCE","Medicaid, suspense status, pre-release medical assistance reinstatement for confined persons in","https://app.leg.wa.gov/billsummary?BillNumber=5304&Year=2021&Initiative=false","Engrossed 2nd Substitute - E2SSB 5304","243 L 21","['1', '1', '1', '1']","['1', '1', '1', '1']","['1', '1', '1', '1']","Providing reentry services to persons releasing from state and local institutions.","Wilson, C., Dhingra, Darneille, Das, Frockt, Hasegawa, Holy, Lovelett, Nguyen, Rivers, Wellman","No Requester"
"PUBLIC ASSISTANCE","Medicaid, telemedicine, audio-only, patient/provider ""established relationship"" before providing, requirements","https://app.leg.wa.gov/billsummary?BillNumber=1821&Year=2021&Initiative=false","Engrossed Substitute - ESHB 1821","213 L 22","['1', '1', '1', '1']","['1', '1', '1', '1']","['1', '1', '1', '1']","Concerning the definition of established relationship for purposes of audio-only telemedicine.","Schmick, Riccelli, Cody, Graham","No Requester"
"PUBLIC ASSISTANCE","Medicaid, telemedicine, delivery of behavioral health services via, BHASO and MCO reimbursement for, when","https://app.leg.wa.gov/billsummary?BillNumber=5325&Year=2021&Initiative=false","Substitute - SSB 5325","100 L 21","['1', '1', '1', '1']","['1', '1', '1', '1']","['1', '1', '1', '1']","Concerning audio-only telemedicine.","Muzzall, Cleveland, Dozier, Frockt, Keiser, Randall, Rivers, Robinson","No Requester"
"PUBLIC ASSISTANCE","Medicaid, waiver services, dependent youth with developmental disabilities eligibility","https://app.leg.wa.gov/billsummary?BillNumber=1061&Year=2021&Initiative=false","2nd Substitute - 2SHB 1061","56 L 21","['1', '1', '1', '1']","['1', '1', '1', '1']","['1', '1', '1', '1']","Concerning youth eligible for developmental disability services who are expected to exit the child welfare system.","Senn, Dent, Leavitt, Wicks, Slatter, Wylie, Simmons, Kloba, Ortiz-Self, Gregerson, Callan, Young, Morgan, Frame, Santos, Rule, Davis","No Requester"
"PUBLIC ASSISTANCE","Medicaid, waiver services, youth with developmental disabilities who have exited dependency proceedings","https://app.leg.wa.gov/billsummary?BillNumber=1061&Year=2021&Initiative=false","2nd Substitute - 2SHB 1061","56 L 21","['1', '1', '1', '1']","['1', '1', '1', '1']","['1', '1', '1', '1']","Concerning youth eligible for developmental disability services who are expected to exit the child welfare system.","Senn, Dent, Leavitt, Wicks, Slatter, Wylie, Simmons, Kloba, Ortiz-Self, Gregerson, Callan, Young, Morgan, Frame, Santos, Rule, Davis","No Requester"
"PUBLIC ASSISTANCE","Medical appointments, spoken language interpreters for, when medical provider provides, reimbursement","https://app.leg.wa.gov/billsummary?BillNumber=5808&Year=2021&Initiative=false","SB 5808","Health & Long","['0', '0', '0', '0']","['0', '0', '0', '0']","['0', '0', '0', '0']","Providing spoken language interpreters for medical appointments when the original spoken language interpreter fails to appear.","King, Keiser","No Requester"
"PUBLIC ASSISTANCE","Medical assistance clients, exiting inpatient behavioral health settings, homelessness/housing instability","https://app.leg.wa.gov/billsummary?BillNumber=1860&Year=2021&Initiative=false","2nd Substitute - 2SHB 1860","215 L 22","['1', '1', '1', '1']","['1', '1', '1', '1']","['1', '1', '1', '1']","Preventing homelessness among persons discharging from inpatient behavioral health settings.","Davis, Eslick, Callan, Jacobsen, Macri, Santos, Shewmake, Orwall, Tharinger, Simmons, Chopp, Bergquist, Valdez","No Requester"
"PUBLIC ASSISTANCE","Medical assistance, enrollees, in-network services for, ambulatory surgical facility/hospital role","https://app.leg.wa.gov/billsummary?BillNumber=5377&Year=2021&Initiative=false","Engrossed 2nd Substitute - E2SSB 5377","246 L 21","['1', '1', '1', '1']","['1', '1', '1', '1']","['1', '1', '1', '1']","Increasing affordability of standardized plans on the individual market.","Frockt, Keiser, Conway, Das, Dhingra, Hunt, Kuderer, Liias, Lovelett, Wilson, C., Nguyen, Pedersen, Saldaña, Salomon","No Requester"
"PUBLIC ASSISTANCE","Medical assistance, mental health wellness exam by qualified mental health care provider, coverage for","https://app.leg.wa.gov/billsummary?BillNumber=5889&Year=2021&Initiative=false","SB 5889","Health & Long","['0', '0', '0', '0']","['0', '0', '0', '0']","['0', '0', '0', '0']","Concerning insurance coverage for an annual mental health wellness exam.","Das, Lovelett, Hasegawa, Kuderer, Nguyen, Nobles, Saldaña, Trudeau, Wilson, C.","No Requester"
"PUBLIC ASSISTANCE","Medical assistance, persons enrolled in, supportive housing and community support services benefits for, when","https://app.leg.wa.gov/billsummary?BillNumber=1866&Year=2021&Initiative=false","Engrossed Substitute - ESHB 1866","216 L 22","['1', '1', '1', '1']","['1', '1', '1', '1']","['1', '1', '1', '1']","Assisting persons receiving community support services through medical assistance programs to receive supportive housing.","Chopp, Riccelli, Macri, Bateman, Davis, Fey, Goodman, Leavitt, Ortiz-Self, Peterson, Ramel, Ryu, Santos, Orwall, Wylie, Cody, Simmons, Slatter, Valdez, Wicks, Pollet, Taylor, Stonier, Ormsby, Hackney, Harris-Talley, Frame","No Requester"
"PUBLIC ASSISTANCE","Medical assistance, persons enrolled in, supportive housing benefit for, when","https://app.leg.wa.gov/billsummary?BillNumber=1866&Year=2021&Initiative=false","Engrossed Substitute - ESHB 1866","216 L 22","['1', '1', '1', '1']","['1', '1', '1', '1']","['1', '1', '1', '1']","Assisting persons receiving community support services through medical assistance programs to receive supportive housing.","Chopp, Riccelli, Macri, Bateman, Davis, Fey, Goodman, Leavitt, Ortiz-Self, Peterson, Ramel, Ryu, Santos, Orwall, Wylie, Cody, Simmons, Slatter, Valdez, Wicks, Pollet, Taylor, Stonier, Ormsby, Hackney, Harris-Talley, Frame","No Requester"
"PUBLIC ASSISTANCE","Postpartum/pregnant persons, medicaid postpartum coverage for, extending after COVID emergency","https://app.leg.wa.gov/billsummary?BillNumber=5068&Year=2021&Initiative=false","Substitute - SSB 5068","90 L 21","['1', '1', '1', '1']","['1', '1', '1', '1']","['1', '1', '1', '1']","Improving maternal health outcomes by extending coverage during the postpartum period.","Randall, Rivers, Billig, Cleveland, Conway, Darneille, Das, Dhingra, Frockt, Hasegawa, Hunt, Keiser, Kuderer, Liias, Lovelett, Muzzall, Nguyen, Nobles, Saldaña, Salomon, Stanford, Warnick, Wilson, C.","No Requester"
"PUBLIC ASSISTANCE","Student financial aid, WA college grants, eligibility of recipients of certain assistance for","https://app.leg.wa.gov/billsummary?BillNumber=1835&Year=2021&Initiative=false","2nd Substitute - 2SHB 1835","214 L 22","['1', '1', '1', '1']","['1', '1', '1', '1']","['1', '1', '1', '1']","Creating outreach and completion initiatives to increase postsecondary enrollment.","Hansen, Leavitt, Santos, Simmons, Chopp, Slatter, Bergquist, Valdez, Pollet, Ormsby","No Requester"
"PUBLIC ASSISTANCE","Supplemental security income, recipients of, B&O/public utility tax credits for employers hiring","https://app.leg.wa.gov/billsummary?BillNumber=5358&Year=2021&Initiative=false","Substitute - SSB 5358","Ways & Means","['0', '0', '0', '0']","['0', '0', '0', '0']","['0', '0', '0', '0']","Providing incentives to employers to hire certain hard-to-place job seekers.","Gildon, Braun, Darneille, Nguyen, Warnick, Wellman","No Requester"
"PUBLIC ASSISTANCE","Temporary assistance for needy families, diapers/other necessities for child under 3 years, monthly payments for","https://app.leg.wa.gov/billsummary?BillNumber=5838&Year=2021&Initiative=false","Substitute - SSB 5838","100 L 22","['1', '1', '1', '1']","['1', '1', '1', '1']","['1', '1', '1', '1']","Providing a monthly diaper subsidy for parents or other caregivers receiving temporary assistance for needy families.","Nobles, Rivers, Das, Frockt, Hasegawa, Hunt, Kuderer, Lovelett, Nguyen, Robinson, Saldaña, Stanford, Trudeau, Wilson, C.","No Requester"
"PUBLIC ASSISTANCE","Trafficking, human, victims of, aged, blind, or disabled program eligibility for","https://app.leg.wa.gov/billsummary?BillNumber=1748&Year=2021&Initiative=false","HB 1748","208 L 22","['1', '1', '1', '1']","['1', '1', '1', '1']","['1', '1', '1', '1']","Concerning aged, blind, or disabled program eligibility for victims of human trafficking.","Entenman, Leavitt, Valdez, Callan, Gregerson, Peterson, Shewmake, Wylie, Sullivan, Simmons, Riccelli, Harris-Talley","Department of Social and Health Services"
"PUBLIC ASSISTANCE","WorkFirst poverty reduction oversight task force, legislative-executive, adding nonvoting members","https://app.leg.wa.gov/billsummary?BillNumber=5929&Year=2021&Initiative=false","SB 5929","176 L 22","['1', '1', '1', '1']","['1', '1', '1', '1']","['1', '1', '1', '1']","Changing the membership of the legislative-executive WorkFirst poverty reduction oversight task force.","Wilson, C., Nguyen","Department of Social and Health Services"
"PUBLIC ASSISTANCE","WorkFirst TANF program, extension beyond 60 months limit for months when unemployment rate at/above 7 percent","https://app.leg.wa.gov/billsummary?BillNumber=5214&Year=2021&Initiative=false","2nd Substitute - 2SSB 5214","239 L 21","['1', '1', '1', '1']","['1', '1', '1', '1']","['1', '1', '1', '1']","Concerning economic assistance programs.","Nguyen, Dhingra, Darneille, Das, Frockt, Hasegawa, Hunt, Kuderer, Liias, Lovelett, Nobles, Robinson, Stanford, Wilson, C.","No Requester"
"PUBLIC ASSISTANCE","WorkFirst TANF program, ineligibility after 60 months, exemption from, for hardship, when","https://app.leg.wa.gov/billsummary?BillNumber=5214&Year=2021&Initiative=false","2nd Substitute - 2SSB 5214","239 L 21","['1', '1', '1', '1']","['1', '1', '1', '1']","['1', '1', '1', '1']","Concerning economic assistance programs.","Nguyen, Dhingra, Darneille, Das, Frockt, Hasegawa, Hunt, Kuderer, Liias, Lovelett, Nobles, Robinson, Stanford, Wilson, C.","No Requester"
"PUBLIC ASSISTANCE","WorkFirst TANF program, ineligibility after 60 months, exemption from, undue hardship standard for","https://app.leg.wa.gov/billsummary?BillNumber=2048&Year=2021&Initiative=false","2nd Substitute - 2SHB 2048","Rules C","['0', '0', '0', '0']","['0', '0', '0', '0']","['0', '0', '0', '0']","Concerning temporary assistance for needy families time limit extensions.","Peterson, Ortiz-Self, Senn, Santos, Ormsby, Bergquist, Macri, Ramel, Simmons, Pollet, Harris-Talley","No Requester"
"PUBLIC ASSISTANCE","WorkFirst TANF program, ineligibility after 60 months, exemption when unemployment rate at/above 7 percent","https://app.leg.wa.gov/billsummary?BillNumber=1755&Year=2021&Initiative=false","HB 1755","24 L 22","['1', '1', '1', '1']","['1', '1', '1', '1']","['1', '1', '1', '1']","Concerning temporary assistance for needy families time limit extensions during times of high unemployment.","Peterson, Leavitt, Bateman, Davis, Gregerson, Wylie, Sullivan, Simmons, Slatter, Bergquist, Pollet, Riccelli, Ormsby, Kloba","Department of Social and Health Services"
"PUBLIC ASSISTANCE","WorkFirst TANF program, ineligibility after 60 months, not counting months when unemployment rate at/above 7 percent","https://app.leg.wa.gov/billsummary?BillNumber=5214&Year=2021&Initiative=false","2nd Substitute - 2SSB 5214","239 L 21","['1', '1', '1', '1']","['1', '1', '1', '1']","['1', '1', '1', '1']","Concerning economic assistance programs.","Nguyen, Dhingra, Darneille, Das, Frockt, Hasegawa, Hunt, Kuderer, Liias, Lovelett, Nobles, Robinson, Stanford, Wilson, C.","No Requester"
"PUBLIC ASSISTANCE","WorkFirst TANF program, noncompliance, termination after 12 months' continuous, removing requirement","https://app.leg.wa.gov/billsummary?BillNumber=5214&Year=2021&Initiative=false","2nd Substitute - 2SSB 5214","239 L 21","['1', '1', '1', '1']","['1', '1', '1', '1']","['1', '1', '1', '1']","Concerning economic assistance programs.","Nguyen, Dhingra, Darneille, Das, Frockt, Hasegawa, Hunt, Kuderer, Liias, Lovelett, Nobles, Robinson, Stanford, Wilson, C.","No Requester"
"PUBLIC ASSISTANCE","WorkFirst TANF program, recipients as hard-to-place job seekers, B&O/public utility tax credits for employers hiring","https://app.leg.wa.gov/billsummary?BillNumber=5358&Year=2021&Initiative=false","Substitute - SSB 5358","Ways & Means","['0', '0', '0', '0']","['0', '0', '0', '0']","['0', '0', '0', '0']","Providing incentives to employers to hire certain hard-to-place job seekers.","Gildon, Braun, Darneille, Nguyen, Warnick, Wellman","No Requester"
"PUBLIC ASSISTANCE","WorkFirst TANF program, various modifications","https://app.leg.wa.gov/billsummary?BillNumber=5214&Year=2021&Initiative=false","2nd Substitute - 2SSB 5214","239 L 21","['1', '1', '1', '1']","['1', '1', '1', '1']","['1', '1', '1', '1']","Concerning economic assistance programs.","Nguyen, Dhingra, Darneille, Das, Frockt, Hasegawa, Hunt, Kuderer, Liias, Lovelett, Nobles, Robinson, Stanford, Wilson, C.","No Requester"
"PUBLIC ASSISTANCE","WorkFirst TANF program, WorkFirst orientation attendance requirement, dropping, when","https://app.leg.wa.gov/billsummary?BillNumber=5214&Year=2021&Initiative=false","2nd Substitute - 2SSB 5214","239 L 21","['1', '1', '1', '1']","['1', '1', '1', '1']","['1', '1', '1', '1']","Concerning economic assistance programs.","Nguyen, Dhingra, Darneille, Das, Frockt, Hasegawa, Hunt, Kuderer, Liias, Lovelett, Nobles, Robinson, Stanford, Wilson, C.","No Requester"
"PUBLIC ASSISTANCE","Youth, host homes for, real property used as, property tax exemption for","https://app.leg.wa.gov/billsummary?BillNumber=1175&Year=2021&Initiative=false","Engrossed Substitute - ESHB 1175","Rules 3C","['0', '0', '0', '0']","['0', '0', '0', '0']","['0', '0', '0', '0']","Providing a property tax exemption for real property used as a host home associated with a host home program.","Johnson, J., Caldier, Callan, Young, Griffey, Sutherland, Harris-Talley, Ormsby, Fitzgibbon","No Requester"
"PUBLIC ASSISTANCE","Youth, host homes for, real property used as, state property tax exemption for","https://app.leg.wa.gov/billsummary?BillNumber=1175&Year=2021&Initiative=false","Engrossed Substitute - ESHB 1175","Rules 3C","['0', '0', '0', '0']","['0', '0', '0', '0']","['0', '0', '0', '0']","Providing a property tax exemption for real property used as a host home associated with a host home program.","Johnson, J., Caldier, Callan, Young, Griffey, Sutherland, Harris-Talley, Ormsby, Fitzgibbon","No Requester"
